File;Residues (43,272);Number of Mutations;Frequency;Number of Sequences
RT HIV-1 AA_A.fasta;KP;9;52.941;17
RT HIV-1 AA_A.fasta;KS;1;5.882;17
RT HIV-1 AA_A.fasta;KA;3;17.647;17
RT HIV-1 AA_A.fasta;KR;1;5.882;17
RT HIV-1 AA_A.fasta;QS;2;11.765;17
RT HIV-1 AA_A.fasta;EP;1;5.882;17
RT HIV-1 AA_B.fasta;KP;1981;42.786;4630
RT HIV-1 AA_B.fasta;KA;2268;48.985;4630
RT HIV-1 AA_B.fasta;KG;38;0.821;4630
RT HIV-1 AA_B.fasta;KS;220;4.752;4630
RT HIV-1 AA_B.fasta;KQ;7;0.151;4630
RT HIV-1 AA_B.fasta;KT;28;0.605;4630
RT HIV-1 AA_B.fasta;KV;3;0.065;4630
RT HIV-1 AA_B.fasta;KL;1;0.022;4630
RT HIV-1 AA_B.fasta;KE;1;0.022;4630
RT HIV-1 AA_B.fasta;KC;4;0.086;4630
RT HIV-1 AA_B.fasta;EP;21;0.454;4630
RT HIV-1 AA_B.fasta;EA;11;0.238;4630
RT HIV-1 AA_B.fasta;ES;1;0.022;4630
RT HIV-1 AA_B.fasta;EE;1;0.022;4630
RT HIV-1 AA_B.fasta;NP;8;0.173;4630
RT HIV-1 AA_B.fasta;NA;2;0.043;4630
RT HIV-1 AA_B.fasta;NS;1;0.022;4630
RT HIV-1 AA_B.fasta;QP;4;0.086;4630
RT HIV-1 AA_B.fasta;QA;7;0.151;4630
RT HIV-1 AA_B.fasta;RP;6;0.130;4630
RT HIV-1 AA_B.fasta;RA;13;0.281;4630
RT HIV-1 AA_B.fasta;RS;2;0.043;4630
RT HIV-1 AA_B.fasta;TA;1;0.022;4630
RT HIV-1 AA_B.fasta;AP;1;0.022;4630
RT HIV-1 AA_C.fasta;KP;2484;74.639;3328
RT HIV-1 AA_C.fasta;KA;390;11.719;3328
RT HIV-1 AA_C.fasta;KS;258;7.752;3328
RT HIV-1 AA_C.fasta;KH;4;0.120;3328
RT HIV-1 AA_C.fasta;KK;37;1.112;3328
RT HIV-1 AA_C.fasta;KT;9;0.270;3328
RT HIV-1 AA_C.fasta;KR;6;0.180;3328
RT HIV-1 AA_C.fasta;KQ;35;1.052;3328
RT HIV-1 AA_C.fasta;KG;6;0.180;3328
RT HIV-1 AA_C.fasta;KL;1;0.030;3328
RT HIV-1 AA_C.fasta;RP;45;1.352;3328
RT HIV-1 AA_C.fasta;RA;9;0.270;3328
RT HIV-1 AA_C.fasta;RS;6;0.180;3328
RT HIV-1 AA_C.fasta;RQ;1;0.030;3328
RT HIV-1 AA_C.fasta;EP;19;0.571;3328
RT HIV-1 AA_C.fasta;EA;5;0.150;3328
RT HIV-1 AA_C.fasta;ES;1;0.030;3328
RT HIV-1 AA_C.fasta;NP;2;0.060;3328
RT HIV-1 AA_C.fasta;QP;6;0.180;3328
RT HIV-1 AA_C.fasta;QA;2;0.060;3328
RT HIV-1 AA_C.fasta;QQ;1;0.030;3328
RT HIV-1 AA_C.fasta;AP;1;0.030;3328
RT HIV-1 AA_D.fasta;KA;34;8.437;403
RT HIV-1 AA_D.fasta;KP;292;72.457;403
RT HIV-1 AA_D.fasta;KS;43;10.670;403
RT HIV-1 AA_D.fasta;KT;2;0.496;403
RT HIV-1 AA_D.fasta;KQ;11;2.730;403
RT HIV-1 AA_D.fasta;KL;2;0.496;403
RT HIV-1 AA_D.fasta;KV;1;0.248;403
RT HIV-1 AA_D.fasta;EP;7;1.737;403
RT HIV-1 AA_D.fasta;IP;1;0.248;403
RT HIV-1 AA_D.fasta;NP;1;0.248;403
RT HIV-1 AA_D.fasta;NS;2;0.496;403
RT HIV-1 AA_D.fasta;RP;2;0.496;403
RT HIV-1 AA_D.fasta;RS;1;0.248;403
RT HIV-1 AA_D.fasta;SS;1;0.248;403
RT HIV-1 AA_D.fasta;QP;2;0.496;403
RT HIV-1 AA_D.fasta;MP;1;0.248;403
