File;Position;Wu-Kabat;Number of Sequences;Number of Amino Acids;Frequency
RT HIV-1 AA_A.fasta;1;1.000;18;1;18.000
RT HIV-1 AA_A.fasta;2;1.000;18;1;18.000
RT HIV-1 AA_A.fasta;3;1.000;18;1;18.000
RT HIV-1 AA_A.fasta;4;2.250;18;2;16.000
RT HIV-1 AA_A.fasta;5;1.000;18;1;18.000
RT HIV-1 AA_A.fasta;6;4.857;17;4;14.000
RT HIV-1 AA_A.fasta;7;1.000;18;1;18.000
RT HIV-1 AA_A.fasta;8;2.250;18;2;16.000
RT HIV-1 AA_A.fasta;9;1.000;18;1;18.000
RT HIV-1 AA_A.fasta;10;1.000;18;1;18.000
RT HIV-1 AA_A.fasta;11;5.400;18;3;10.000
RT HIV-1 AA_A.fasta;12;1.000;18;1;18.000
RT HIV-1 AA_A.fasta;13;2.118;18;2;17.000
RT HIV-1 AA_A.fasta;14;1.000;18;1;18.000
RT HIV-1 AA_A.fasta;15;1.000;18;1;18.000
RT HIV-1 AA_A.fasta;16;1.000;18;1;18.000
RT HIV-1 AA_A.fasta;17;1.000;18;1;18.000
RT HIV-1 AA_A.fasta;18;1.000;18;1;18.000
RT HIV-1 AA_A.fasta;19;1.000;18;1;18.000
RT HIV-1 AA_A.fasta;20;2.429;17;2;14.000
RT HIV-1 AA_A.fasta;21;1.000;18;1;18.000
RT HIV-1 AA_A.fasta;22;1.000;18;1;18.000
RT HIV-1 AA_A.fasta;23;1.000;18;1;18.000
RT HIV-1 AA_A.fasta;24;1.000;18;1;18.000
RT HIV-1 AA_A.fasta;25;1.000;18;1;18.000
RT HIV-1 AA_A.fasta;26;1.000;17;1;17.000
RT HIV-1 AA_A.fasta;27;1.000;18;1;18.000
RT HIV-1 AA_A.fasta;28;2.118;18;2;17.000
RT HIV-1 AA_A.fasta;29;1.000;18;1;18.000
RT HIV-1 AA_A.fasta;30;1.000;18;1;18.000
RT HIV-1 AA_A.fasta;31;2.118;18;2;17.000
RT HIV-1 AA_A.fasta;32;3.375;18;3;16.000
RT HIV-1 AA_A.fasta;33;1.000;18;1;18.000
RT HIV-1 AA_A.fasta;34;1.000;18;1;18.000
RT HIV-1 AA_A.fasta;35;1.000;18;1;18.000
RT HIV-1 AA_A.fasta;36;2.125;17;2;16.000
RT HIV-1 AA_A.fasta;37;1.000;18;1;18.000
RT HIV-1 AA_A.fasta;38;1.000;17;1;17.000
RT HIV-1 AA_A.fasta;39;16.000;16;5;5.000
RT HIV-1 AA_A.fasta;40;2.429;17;2;14.000
RT HIV-1 AA_A.fasta;41;1.000;18;1;18.000
RT HIV-1 AA_A.fasta;42;1.000;17;1;17.000
RT HIV-1 AA_A.fasta;43;3.643;17;3;14.000
RT HIV-1 AA_A.fasta;44;1.000;17;1;17.000
RT HIV-1 AA_A.fasta;45;1.000;17;1;17.000
RT HIV-1 AA_A.fasta;46;1.000;18;1;18.000
RT HIV-1 AA_A.fasta;47;1.000;18;1;18.000
RT HIV-1 AA_A.fasta;48;1.000;18;1;18.000
RT HIV-1 AA_A.fasta;49;2.615;17;2;13.000
RT HIV-1 AA_A.fasta;50;2.250;18;2;16.000
RT HIV-1 AA_A.fasta;51;1.000;18;1;18.000
RT HIV-1 AA_A.fasta;52;1.000;18;1;18.000
RT HIV-1 AA_A.fasta;53;1.000;18;1;18.000
RT HIV-1 AA_A.fasta;54;1.000;18;1;18.000
RT HIV-1 AA_A.fasta;55;1.000;18;1;18.000
RT HIV-1 AA_A.fasta;56;1.000;18;1;18.000
RT HIV-1 AA_A.fasta;57;1.000;18;1;18.000
RT HIV-1 AA_A.fasta;58;1.000;18;1;18.000
RT HIV-1 AA_A.fasta;59;1.000;18;1;18.000
RT HIV-1 AA_A.fasta;60;2.400;18;2;15.000
RT HIV-1 AA_A.fasta;61;1.000;18;1;18.000
RT HIV-1 AA_A.fasta;62;1.000;18;1;18.000
RT HIV-1 AA_A.fasta;63;1.000;18;1;18.000
RT HIV-1 AA_A.fasta;64;2.118;18;2;17.000
RT HIV-1 AA_A.fasta;65;1.000;18;1;18.000
RT HIV-1 AA_A.fasta;66;1.000;17;1;17.000
RT HIV-1 AA_A.fasta;67;2.143;15;2;14.000
RT HIV-1 AA_A.fasta;68;1.000;16;1;16.000
RT HIV-1 AA_A.fasta;69;1.000;17;1;17.000
RT HIV-1 AA_A.fasta;70;1.000;18;1;18.000
RT HIV-1 AA_A.fasta;71;1.000;18;1;18.000
RT HIV-1 AA_A.fasta;72;1.000;18;1;18.000
RT HIV-1 AA_A.fasta;73;1.000;18;1;18.000
RT HIV-1 AA_A.fasta;74;1.000;18;1;18.000
RT HIV-1 AA_A.fasta;75;1.000;18;1;18.000
RT HIV-1 AA_A.fasta;76;1.000;18;1;18.000
RT HIV-1 AA_A.fasta;77;1.000;17;1;17.000
RT HIV-1 AA_A.fasta;78;1.000;17;1;17.000
RT HIV-1 AA_A.fasta;79;1.000;18;1;18.000
RT HIV-1 AA_A.fasta;80;1.000;17;1;17.000
RT HIV-1 AA_A.fasta;81;1.000;18;1;18.000
RT HIV-1 AA_A.fasta;82;1.000;18;1;18.000
RT HIV-1 AA_A.fasta;83;1.000;17;1;17.000
RT HIV-1 AA_A.fasta;84;2.125;17;2;16.000
RT HIV-1 AA_A.fasta;85;1.000;18;1;18.000
RT HIV-1 AA_A.fasta;86;1.000;16;1;16.000
RT HIV-1 AA_A.fasta;87;1.000;17;1;17.000
RT HIV-1 AA_A.fasta;88;2.118;18;2;17.000
RT HIV-1 AA_A.fasta;89;1.000;18;1;18.000
RT HIV-1 AA_A.fasta;90;1.000;16;1;16.000
RT HIV-1 AA_A.fasta;91;1.000;18;1;18.000
RT HIV-1 AA_A.fasta;92;1.000;18;1;18.000
RT HIV-1 AA_A.fasta;93;1.000;17;1;17.000
RT HIV-1 AA_A.fasta;94;1.000;18;1;18.000
RT HIV-1 AA_A.fasta;95;1.000;18;1;18.000
RT HIV-1 AA_A.fasta;96;1.000;15;1;15.000
RT HIV-1 AA_A.fasta;97;1.000;18;1;18.000
RT HIV-1 AA_A.fasta;98;1.000;15;1;15.000
RT HIV-1 AA_A.fasta;99;1.000;16;1;16.000
RT HIV-1 AA_A.fasta;100;1.000;17;1;17.000
RT HIV-1 AA_A.fasta;101;1.000;18;1;18.000
RT HIV-1 AA_A.fasta;102;1.000;17;1;17.000
RT HIV-1 AA_A.fasta;103;2.133;16;2;15.000
RT HIV-1 AA_A.fasta;104;1.000;17;1;17.000
RT HIV-1 AA_A.fasta;105;1.000;18;1;18.000
RT HIV-1 AA_A.fasta;106;1.000;17;1;17.000
RT HIV-1 AA_A.fasta;107;1.000;18;1;18.000
RT HIV-1 AA_A.fasta;108;1.000;18;1;18.000
RT HIV-1 AA_A.fasta;109;1.000;16;1;16.000
RT HIV-1 AA_A.fasta;110;1.000;18;1;18.000
RT HIV-1 AA_A.fasta;111;1.000;18;1;18.000
RT HIV-1 AA_A.fasta;112;1.000;18;1;18.000
RT HIV-1 AA_A.fasta;113;1.000;16;1;16.000
RT HIV-1 AA_A.fasta;114;1.000;18;1;18.000
RT HIV-1 AA_A.fasta;115;1.000;18;1;18.000
RT HIV-1 AA_A.fasta;116;1.000;18;1;18.000
RT HIV-1 AA_A.fasta;117;1.000;18;1;18.000
RT HIV-1 AA_A.fasta;118;1.000;16;1;16.000
RT HIV-1 AA_A.fasta;119;1.000;17;1;17.000
RT HIV-1 AA_A.fasta;120;1.000;18;1;18.000
RT HIV-1 AA_A.fasta;121;4.364;16;3;11.000
RT HIV-1 AA_A.fasta;122;2.133;16;2;15.000
RT HIV-1 AA_A.fasta;123;9.714;17;4;7.000
RT HIV-1 AA_A.fasta;124;1.000;18;1;18.000
RT HIV-1 AA_A.fasta;125;1.000;17;1;17.000
RT HIV-1 AA_A.fasta;126;1.000;16;1;16.000
RT HIV-1 AA_A.fasta;127;1.000;18;1;18.000
RT HIV-1 AA_A.fasta;128;1.000;18;1;18.000
RT HIV-1 AA_A.fasta;129;1.000;17;1;17.000
RT HIV-1 AA_A.fasta;130;1.000;17;1;17.000
RT HIV-1 AA_A.fasta;131;1.000;18;1;18.000
RT HIV-1 AA_A.fasta;132;1.000;18;1;18.000
RT HIV-1 AA_A.fasta;133;1.000;18;1;18.000
RT HIV-1 AA_A.fasta;134;1.000;18;1;18.000
RT HIV-1 AA_A.fasta;135;2.571;18;2;14.000
RT HIV-1 AA_A.fasta;136;1.000;18;1;18.000
RT HIV-1 AA_A.fasta;137;1.000;18;1;18.000
RT HIV-1 AA_A.fasta;138;1.000;18;1;18.000
RT HIV-1 AA_A.fasta;139;1.000;18;1;18.000
RT HIV-1 AA_A.fasta;140;1.000;17;1;17.000
RT HIV-1 AA_A.fasta;141;1.000;18;1;18.000
RT HIV-1 AA_A.fasta;142;3.375;18;3;16.000
RT HIV-1 AA_A.fasta;143;1.000;17;1;17.000
RT HIV-1 AA_A.fasta;144;1.000;17;1;17.000
RT HIV-1 AA_A.fasta;145;1.000;18;1;18.000
RT HIV-1 AA_A.fasta;146;1.000;18;1;18.000
RT HIV-1 AA_A.fasta;147;1.000;18;1;18.000
RT HIV-1 AA_A.fasta;148;1.000;18;1;18.000
RT HIV-1 AA_A.fasta;149;1.000;17;1;17.000
RT HIV-1 AA_A.fasta;150;1.000;18;1;18.000
RT HIV-1 AA_A.fasta;151;1.000;18;1;18.000
RT HIV-1 AA_A.fasta;152;1.000;18;1;18.000
RT HIV-1 AA_A.fasta;153;1.000;18;1;18.000
RT HIV-1 AA_A.fasta;154;1.000;17;1;17.000
RT HIV-1 AA_A.fasta;155;1.000;18;1;18.000
RT HIV-1 AA_A.fasta;156;1.000;17;1;17.000
RT HIV-1 AA_A.fasta;157;1.000;16;1;16.000
RT HIV-1 AA_A.fasta;158;2.250;18;2;16.000
RT HIV-1 AA_A.fasta;159;1.000;18;1;18.000
RT HIV-1 AA_A.fasta;160;1.000;18;1;18.000
RT HIV-1 AA_A.fasta;161;1.000;17;1;17.000
RT HIV-1 AA_A.fasta;162;4.250;17;3;12.000
RT HIV-1 AA_A.fasta;163;1.000;18;1;18.000
RT HIV-1 AA_A.fasta;164;1.000;18;1;18.000
RT HIV-1 AA_A.fasta;165;2.118;18;2;17.000
RT HIV-1 AA_A.fasta;166;2.250;18;2;16.000
RT HIV-1 AA_A.fasta;167;2.118;18;2;17.000
RT HIV-1 AA_A.fasta;168;1.000;17;1;17.000
RT HIV-1 AA_A.fasta;169;2.250;18;2;16.000
RT HIV-1 AA_A.fasta;170;1.000;17;1;17.000
RT HIV-1 AA_A.fasta;171;2.118;18;2;17.000
RT HIV-1 AA_A.fasta;172;1.000;17;1;17.000
RT HIV-1 AA_A.fasta;173;8.500;17;4;8.000
RT HIV-1 AA_A.fasta;174;3.778;17;2;9.000
RT HIV-1 AA_A.fasta;175;1.000;18;1;18.000
RT HIV-1 AA_A.fasta;176;1.000;18;1;18.000
RT HIV-1 AA_A.fasta;177;4.500;18;3;12.000
RT HIV-1 AA_A.fasta;178;2.400;18;2;15.000
RT HIV-1 AA_A.fasta;179;2.250;18;2;16.000
RT HIV-1 AA_A.fasta;180;1.000;18;1;18.000
RT HIV-1 AA_A.fasta;181;2.125;17;2;16.000
RT HIV-1 AA_A.fasta;182;1.000;17;1;17.000
RT HIV-1 AA_A.fasta;183;1.000;18;1;18.000
RT HIV-1 AA_A.fasta;184;2.250;18;2;16.000
RT HIV-1 AA_A.fasta;185;1.000;18;1;18.000
RT HIV-1 AA_A.fasta;186;1.000;18;1;18.000
RT HIV-1 AA_A.fasta;187;1.000;17;1;17.000
RT HIV-1 AA_A.fasta;188;1.000;17;1;17.000
RT HIV-1 AA_A.fasta;189;1.000;18;1;18.000
RT HIV-1 AA_A.fasta;190;1.000;18;1;18.000
RT HIV-1 AA_A.fasta;191;1.000;17;1;17.000
RT HIV-1 AA_A.fasta;192;1.000;17;1;17.000
RT HIV-1 AA_A.fasta;193;2.125;17;2;16.000
RT HIV-1 AA_A.fasta;194;1.000;18;1;18.000
RT HIV-1 AA_A.fasta;195;1.000;18;1;18.000
RT HIV-1 AA_A.fasta;196;2.833;17;2;12.000
RT HIV-1 AA_A.fasta;197;2.118;18;2;17.000
RT HIV-1 AA_A.fasta;198;1.000;16;1;16.000
RT HIV-1 AA_A.fasta;199;1.000;16;1;16.000
RT HIV-1 AA_A.fasta;200;4.364;16;3;11.000
RT HIV-1 AA_A.fasta;201;1.000;17;1;17.000
RT HIV-1 AA_A.fasta;202;2.125;17;2;16.000
RT HIV-1 AA_A.fasta;203;1.000;16;1;16.000
RT HIV-1 AA_A.fasta;204;1.000;18;1;18.000
RT HIV-1 AA_A.fasta;205;1.000;15;1;15.000
RT HIV-1 AA_A.fasta;206;1.000;18;1;18.000
RT HIV-1 AA_A.fasta;207;6.000;18;4;12.000
RT HIV-1 AA_A.fasta;208;1.000;18;1;18.000
RT HIV-1 AA_A.fasta;209;1.000;16;1;16.000
RT HIV-1 AA_A.fasta;210;1.000;17;1;17.000
RT HIV-1 AA_A.fasta;211;6.000;16;3;8.000
RT HIV-1 AA_A.fasta;212;1.000;18;1;18.000
RT HIV-1 AA_A.fasta;213;1.000;18;1;18.000
RT HIV-1 AA_A.fasta;214;2.400;18;2;15.000
RT HIV-1 AA_A.fasta;215;1.000;18;1;18.000
RT HIV-1 AA_A.fasta;216;1.000;18;1;18.000
RT HIV-1 AA_A.fasta;217;1.000;18;1;18.000
RT HIV-1 AA_A.fasta;218;1.000;18;1;18.000
RT HIV-1 AA_A.fasta;219;1.000;18;1;18.000
RT HIV-1 AA_A.fasta;220;1.000;16;1;16.000
RT HIV-1 AA_A.fasta;221;1.000;18;1;18.000
RT HIV-1 AA_A.fasta;222;1.000;18;1;18.000
RT HIV-1 AA_A.fasta;223;1.000;18;1;18.000
RT HIV-1 AA_A.fasta;224;1.000;17;1;17.000
RT HIV-1 AA_A.fasta;225;1.000;18;1;18.000
RT HIV-1 AA_A.fasta;226;1.000;18;1;18.000
RT HIV-1 AA_A.fasta;227;1.000;17;1;17.000
RT HIV-1 AA_A.fasta;228;2.118;18;2;17.000
RT HIV-1 AA_A.fasta;229;1.000;18;1;18.000
RT HIV-1 AA_A.fasta;230;1.000;18;1;18.000
RT HIV-1 AA_A.fasta;231;1.000;18;1;18.000
RT HIV-1 AA_A.fasta;232;1.000;18;1;18.000
RT HIV-1 AA_A.fasta;233;1.000;18;1;18.000
RT HIV-1 AA_A.fasta;234;1.000;18;1;18.000
RT HIV-1 AA_A.fasta;235;1.000;18;1;18.000
RT HIV-1 AA_A.fasta;236;1.000;18;1;18.000
RT HIV-1 AA_A.fasta;237;1.000;18;1;18.000
RT HIV-1 AA_A.fasta;238;1.000;18;1;18.000
RT HIV-1 AA_A.fasta;239;1.000;18;1;18.000
RT HIV-1 AA_A.fasta;240;1.000;18;1;18.000
RT HIV-1 AA_A.fasta;241;1.000;17;1;17.000
RT HIV-1 AA_A.fasta;242;1.000;18;1;18.000
RT HIV-1 AA_A.fasta;243;1.000;18;1;18.000
RT HIV-1 AA_A.fasta;244;1.000;17;1;17.000
RT HIV-1 AA_A.fasta;245;3.857;18;3;14.000
RT HIV-1 AA_A.fasta;246;1.000;17;1;17.000
RT HIV-1 AA_A.fasta;247;1.000;18;1;18.000
RT HIV-1 AA_A.fasta;248;4.500;18;3;12.000
RT HIV-1 AA_A.fasta;249;2.133;16;2;15.000
RT HIV-1 AA_A.fasta;250;2.400;18;2;15.000
RT HIV-1 AA_A.fasta;251;3.857;18;3;14.000
RT HIV-1 AA_A.fasta;252;1.000;18;1;18.000
RT HIV-1 AA_A.fasta;253;1.000;18;1;18.000
RT HIV-1 AA_A.fasta;254;1.000;18;1;18.000
RT HIV-1 AA_A.fasta;255;1.000;18;1;18.000
RT HIV-1 AA_A.fasta;256;1.000;17;1;17.000
RT HIV-1 AA_A.fasta;257;1.000;18;1;18.000
RT HIV-1 AA_A.fasta;258;1.000;18;1;18.000
RT HIV-1 AA_A.fasta;259;1.000;16;1;16.000
RT HIV-1 AA_A.fasta;260;1.000;18;1;18.000
RT HIV-1 AA_A.fasta;261;1.000;17;1;17.000
RT HIV-1 AA_A.fasta;262;1.000;18;1;18.000
RT HIV-1 AA_A.fasta;263;1.000;18;1;18.000
RT HIV-1 AA_A.fasta;264;1.000;16;1;16.000
RT HIV-1 AA_A.fasta;265;1.000;18;1;18.000
RT HIV-1 AA_A.fasta;266;1.000;18;1;18.000
RT HIV-1 AA_A.fasta;267;1.000;18;1;18.000
RT HIV-1 AA_A.fasta;268;1.000;18;1;18.000
RT HIV-1 AA_A.fasta;269;1.000;17;1;17.000
RT HIV-1 AA_A.fasta;270;1.000;17;1;17.000
RT HIV-1 AA_A.fasta;271;1.000;18;1;18.000
RT HIV-1 AA_A.fasta;272;7.200;18;4;10.000
RT HIV-1 AA_A.fasta;273;2.267;17;2;15.000
RT HIV-1 AA_A.fasta;274;1.000;18;1;18.000
RT HIV-1 AA_A.fasta;275;5.538;18;4;13.000
RT HIV-1 AA_A.fasta;276;3.643;17;3;14.000
RT HIV-1 AA_A.fasta;277;2.769;18;2;13.000
RT HIV-1 AA_A.fasta;278;2.118;18;2;17.000
RT HIV-1 AA_A.fasta;279;2.286;16;2;14.000
RT HIV-1 AA_A.fasta;280;1.000;17;1;17.000
RT HIV-1 AA_A.fasta;281;2.571;18;2;14.000
RT HIV-1 AA_A.fasta;282;1.000;17;1;17.000
RT HIV-1 AA_A.fasta;283;2.125;17;2;16.000
RT HIV-1 AA_A.fasta;284;1.000;18;1;18.000
RT HIV-1 AA_A.fasta;285;1.000;18;1;18.000
RT HIV-1 AA_A.fasta;286;2.833;17;2;12.000
RT HIV-1 AA_A.fasta;287;1.000;18;1;18.000
RT HIV-1 AA_A.fasta;288;1.000;18;1;18.000
RT HIV-1 AA_A.fasta;289;1.000;17;1;17.000
RT HIV-1 AA_A.fasta;290;1.000;18;1;18.000
RT HIV-1 AA_A.fasta;291;2.615;17;2;13.000
RT HIV-1 AA_A.fasta;292;3.600;18;2;10.000
RT HIV-1 AA_A.fasta;293;2.133;16;2;15.000
RT HIV-1 AA_A.fasta;294;8.182;18;5;11.000
RT HIV-1 AA_A.fasta;295;1.000;18;1;18.000
RT HIV-1 AA_A.fasta;296;1.000;18;1;18.000
RT HIV-1 AA_A.fasta;297;4.636;17;3;11.000
RT HIV-1 AA_A.fasta;298;1.000;16;1;16.000
RT HIV-1 AA_A.fasta;299;1.000;18;1;18.000
RT HIV-1 AA_A.fasta;300;1.000;17;1;17.000
RT HIV-1 AA_A.fasta;301;1.000;18;1;18.000
RT HIV-1 AA_A.fasta;302;1.000;18;1;18.000
RT HIV-1 AA_A.fasta;303;1.000;18;1;18.000
RT HIV-1 AA_A.fasta;304;2.118;18;2;17.000
RT HIV-1 AA_A.fasta;305;1.000;17;1;17.000
RT HIV-1 AA_A.fasta;306;1.000;18;1;18.000
RT HIV-1 AA_A.fasta;307;1.000;18;1;18.000
RT HIV-1 AA_A.fasta;308;1.000;17;1;17.000
RT HIV-1 AA_A.fasta;309;1.000;18;1;18.000
RT HIV-1 AA_A.fasta;310;2.118;18;2;17.000
RT HIV-1 AA_A.fasta;311;1.000;17;1;17.000
RT HIV-1 AA_A.fasta;312;5.667;17;3;9.000
RT HIV-1 AA_A.fasta;313;2.118;18;2;17.000
RT HIV-1 AA_A.fasta;314;3.400;17;3;15.000
RT HIV-1 AA_A.fasta;315;1.000;18;1;18.000
RT HIV-1 AA_A.fasta;316;1.000;17;1;17.000
RT HIV-1 AA_A.fasta;317;1.000;18;1;18.000
RT HIV-1 AA_A.fasta;318;1.000;18;1;18.000
RT HIV-1 AA_A.fasta;319;1.000;18;1;18.000
RT HIV-1 AA_A.fasta;320;1.000;18;1;18.000
RT HIV-1 AA_A.fasta;321;1.000;18;1;18.000
RT HIV-1 AA_A.fasta;322;2.118;18;2;17.000
RT HIV-1 AA_A.fasta;323;1.000;17;1;17.000
RT HIV-1 AA_A.fasta;324;2.429;17;2;14.000
RT HIV-1 AA_A.fasta;325;1.000;17;1;17.000
RT HIV-1 AA_A.fasta;326;3.000;18;2;12.000
RT HIV-1 AA_A.fasta;327;1.000;18;1;18.000
RT HIV-1 AA_A.fasta;328;1.000;18;1;18.000
RT HIV-1 AA_A.fasta;329;2.118;18;2;17.000
RT HIV-1 AA_A.fasta;330;1.000;18;1;18.000
RT HIV-1 AA_A.fasta;331;1.000;18;1;18.000
RT HIV-1 AA_A.fasta;332;1.000;17;1;17.000
RT HIV-1 AA_A.fasta;333;1.000;17;1;17.000
RT HIV-1 AA_A.fasta;334;2.250;18;2;16.000
RT HIV-1 AA_A.fasta;335;3.375;18;3;16.000
RT HIV-1 AA_A.fasta;336;1.000;17;1;17.000
RT HIV-1 AA_A.fasta;337;1.000;18;1;18.000
RT HIV-1 AA_A.fasta;338;2.125;17;2;16.000
RT HIV-1 AA_A.fasta;339;1.000;18;1;18.000
RT HIV-1 AA_A.fasta;340;1.000;17;1;17.000
RT HIV-1 AA_A.fasta;341;1.000;18;1;18.000
RT HIV-1 AA_A.fasta;342;2.429;17;2;14.000
RT HIV-1 AA_A.fasta;343;1.000;16;1;16.000
RT HIV-1 AA_A.fasta;344;1.000;18;1;18.000
RT HIV-1 AA_A.fasta;345;1.000;18;1;18.000
RT HIV-1 AA_A.fasta;346;1.000;17;1;17.000
RT HIV-1 AA_A.fasta;347;1.000;18;1;18.000
RT HIV-1 AA_A.fasta;348;1.000;18;1;18.000
RT HIV-1 AA_A.fasta;349;1.000;18;1;18.000
RT HIV-1 AA_A.fasta;350;1.000;18;1;18.000
RT HIV-1 AA_A.fasta;351;1.000;18;1;18.000
RT HIV-1 AA_A.fasta;352;1.000;18;1;18.000
RT HIV-1 AA_A.fasta;353;1.000;18;1;18.000
RT HIV-1 AA_A.fasta;354;1.000;18;1;18.000
RT HIV-1 AA_A.fasta;355;2.125;17;2;16.000
RT HIV-1 AA_A.fasta;356;4.000;18;2;9.000
RT HIV-1 AA_A.fasta;357;5.538;18;4;13.000
RT HIV-1 AA_A.fasta;358;3.692;16;3;13.000
RT HIV-1 AA_A.fasta;359;1.000;18;1;18.000
RT HIV-1 AA_A.fasta;360;2.125;17;2;16.000
RT HIV-1 AA_A.fasta;361;1.000;18;1;18.000
RT HIV-1 AA_A.fasta;362;1.000;18;1;18.000
RT HIV-1 AA_A.fasta;363;1.000;18;1;18.000
RT HIV-1 AA_A.fasta;364;1.000;18;1;18.000
RT HIV-1 AA_A.fasta;365;1.000;17;1;17.000
RT HIV-1 AA_A.fasta;366;3.600;18;2;10.000
RT HIV-1 AA_A.fasta;367;1.000;17;1;17.000
RT HIV-1 AA_A.fasta;368;1.000;18;1;18.000
RT HIV-1 AA_A.fasta;369;7.200;18;4;10.000
RT HIV-1 AA_A.fasta;370;2.250;18;2;16.000
RT HIV-1 AA_A.fasta;371;2.333;14;2;12.000
RT HIV-1 AA_A.fasta;372;1.000;18;1;18.000
RT HIV-1 AA_A.fasta;373;1.000;18;1;18.000
RT HIV-1 AA_A.fasta;374;1.000;18;1;18.000
RT HIV-1 AA_A.fasta;375;2.250;18;2;16.000
RT HIV-1 AA_A.fasta;376;10.667;16;4;6.000
RT HIV-1 AA_A.fasta;377;5.667;17;4;12.000
RT HIV-1 AA_A.fasta;378;1.000;18;1;18.000
RT HIV-1 AA_A.fasta;379;2.125;17;2;16.000
RT HIV-1 AA_A.fasta;380;2.250;18;2;16.000
RT HIV-1 AA_A.fasta;381;1.000;17;1;17.000
RT HIV-1 AA_A.fasta;382;1.000;18;1;18.000
RT HIV-1 AA_A.fasta;383;1.000;18;1;18.000
RT HIV-1 AA_A.fasta;384;1.000;16;1;16.000
RT HIV-1 AA_A.fasta;385;2.118;18;2;17.000
RT HIV-1 AA_A.fasta;386;5.538;18;4;13.000
RT HIV-1 AA_A.fasta;387;1.000;18;1;18.000
RT HIV-1 AA_A.fasta;388;1.000;18;1;18.000
RT HIV-1 AA_A.fasta;389;1.000;18;1;18.000
RT HIV-1 AA_A.fasta;390;3.556;16;2;9.000
RT HIV-1 AA_A.fasta;391;1.000;16;1;16.000
RT HIV-1 AA_A.fasta;392;1.000;18;1;18.000
RT HIV-1 AA_A.fasta;393;1.000;18;1;18.000
RT HIV-1 AA_A.fasta;394;1.000;18;1;18.000
RT HIV-1 AA_A.fasta;395;3.000;18;2;12.000
RT HIV-1 AA_A.fasta;396;1.000;18;1;18.000
RT HIV-1 AA_A.fasta;397;1.000;17;1;17.000
RT HIV-1 AA_A.fasta;398;1.000;18;1;18.000
RT HIV-1 AA_A.fasta;399;2.250;18;2;16.000
RT HIV-1 AA_A.fasta;400;2.615;17;2;13.000
RT HIV-1 AA_A.fasta;401;1.000;18;1;18.000
RT HIV-1 AA_A.fasta;402;1.000;18;1;18.000
RT HIV-1 AA_A.fasta;403;7.556;17;4;9.000
RT HIV-1 AA_A.fasta;404;2.615;17;2;13.000
RT HIV-1 AA_A.fasta;405;2.118;18;2;17.000
RT HIV-1 AA_A.fasta;406;1.000;18;1;18.000
RT HIV-1 AA_A.fasta;407;1.000;17;1;17.000
RT HIV-1 AA_A.fasta;408;1.000;18;1;18.000
RT HIV-1 AA_A.fasta;409;1.000;18;1;18.000
RT HIV-1 AA_A.fasta;410;2.118;18;2;17.000
RT HIV-1 AA_A.fasta;411;1.000;18;1;18.000
RT HIV-1 AA_A.fasta;412;1.000;18;1;18.000
RT HIV-1 AA_A.fasta;413;2.250;18;2;16.000
RT HIV-1 AA_A.fasta;414;1.000;18;1;18.000
RT HIV-1 AA_A.fasta;415;1.000;18;1;18.000
RT HIV-1 AA_A.fasta;416;2.118;18;2;17.000
RT HIV-1 AA_A.fasta;417;1.000;18;1;18.000
RT HIV-1 AA_A.fasta;418;1.000;18;1;18.000
RT HIV-1 AA_A.fasta;419;1.000;18;1;18.000
RT HIV-1 AA_A.fasta;420;1.000;17;1;17.000
RT HIV-1 AA_A.fasta;421;1.000;18;1;18.000
RT HIV-1 AA_A.fasta;422;1.000;18;1;18.000
RT HIV-1 AA_A.fasta;423;1.000;16;1;16.000
RT HIV-1 AA_A.fasta;424;1.000;18;1;18.000
RT HIV-1 AA_A.fasta;425;1.000;18;1;18.000
RT HIV-1 AA_A.fasta;426;1.000;18;1;18.000
RT HIV-1 AA_A.fasta;427;1.000;18;1;18.000
RT HIV-1 AA_A.fasta;428;1.000;18;1;18.000
RT HIV-1 AA_A.fasta;429;1.000;18;1;18.000
RT HIV-1 AA_A.fasta;430;1.000;18;1;18.000
RT HIV-1 AA_A.fasta;431;1.000;18;1;18.000
RT HIV-1 AA_A.fasta;432;2.250;18;2;16.000
RT HIV-1 AA_A.fasta;433;1.000;18;1;18.000
RT HIV-1 AA_A.fasta;434;1.000;18;1;18.000
RT HIV-1 AA_A.fasta;435;24.000;16;6;4.000
RT HIV-1 AA_A.fasta;436;1.000;18;1;18.000
RT HIV-1 AA_A.fasta;437;2.118;18;2;17.000
RT HIV-1 AA_A.fasta;438;1.000;18;1;18.000
RT HIV-1 AA_A.fasta;439;1.000;18;1;18.000
RT HIV-1 AA_A.fasta;440;2.250;18;2;16.000
RT HIV-1 AA_B.fasta;1;4.007;4678;4;4670.000
RT HIV-1 AA_B.fasta;2;3.004;4683;3;4676.000
RT HIV-1 AA_B.fasta;3;5.015;4694;5;4680.000
RT HIV-1 AA_B.fasta;4;6.064;4702;6;4652.000
RT HIV-1 AA_B.fasta;5;4.042;4712;4;4663.000
RT HIV-1 AA_B.fasta;6;10.766;4665;10;4333.000
RT HIV-1 AA_B.fasta;7;5.033;4705;5;4674.000
RT HIV-1 AA_B.fasta;8;4.052;4691;4;4631.000
RT HIV-1 AA_B.fasta;9;5.014;4689;5;4676.000
RT HIV-1 AA_B.fasta;10;5.019;4693;5;4675.000
RT HIV-1 AA_B.fasta;11;9.233;4679;9;4561.000
RT HIV-1 AA_B.fasta;12;3.004;4677;3;4671.000
RT HIV-1 AA_B.fasta;13;3.003;4685;3;4681.000
RT HIV-1 AA_B.fasta;14;5.021;4703;5;4683.000
RT HIV-1 AA_B.fasta;15;4.009;4693;4;4683.000
RT HIV-1 AA_B.fasta;16;9.036;4705;9;4686.000
RT HIV-1 AA_B.fasta;17;4.008;4710;4;4701.000
RT HIV-1 AA_B.fasta;18;3.004;4681;3;4675.000
RT HIV-1 AA_B.fasta;19;2.000;4702;2;4701.000
RT HIV-1 AA_B.fasta;20;5.613;4659;5;4150.000
RT HIV-1 AA_B.fasta;21;4.064;4650;4;4577.000
RT HIV-1 AA_B.fasta;22;4.026;4700;4;4670.000
RT HIV-1 AA_B.fasta;23;3.004;4690;3;4683.000
RT HIV-1 AA_B.fasta;24;2.002;4717;2;4712.000
RT HIV-1 AA_B.fasta;25;3.006;4707;3;4698.000
RT HIV-1 AA_B.fasta;26;3.004;4664;3;4658.000
RT HIV-1 AA_B.fasta;27;6.050;4712;6;4673.000
RT HIV-1 AA_B.fasta;28;6.053;4706;6;4665.000
RT HIV-1 AA_B.fasta;29;9.039;4685;9;4665.000
RT HIV-1 AA_B.fasta;30;5.005;4701;5;4696.000
RT HIV-1 AA_B.fasta;31;7.043;4719;7;4690.000
RT HIV-1 AA_B.fasta;32;7.103;4695;7;4627.000
RT HIV-1 AA_B.fasta;33;4.009;4700;4;4690.000
RT HIV-1 AA_B.fasta;34;5.005;4690;5;4685.000
RT HIV-1 AA_B.fasta;35;14.124;4630;11;3606.000
RT HIV-1 AA_B.fasta;36;6.059;4695;6;4649.000
RT HIV-1 AA_B.fasta;37;2.000;4699;2;4698.000
RT HIV-1 AA_B.fasta;38;4.006;4693;4;4686.000
RT HIV-1 AA_B.fasta;39;12.546;4686;12;4482.000
RT HIV-1 AA_B.fasta;40;9.087;4684;9;4639.000
RT HIV-1 AA_B.fasta;41;4.194;4712;4;4494.000
RT HIV-1 AA_B.fasta;42;4.012;4683;4;4669.000
RT HIV-1 AA_B.fasta;43;7.129;4684;7;4599.000
RT HIV-1 AA_B.fasta;44;5.064;4694;5;4635.000
RT HIV-1 AA_B.fasta;45;5.014;4578;5;4565.000
RT HIV-1 AA_B.fasta;46;5.011;4701;5;4691.000
RT HIV-1 AA_B.fasta;47;2.001;4692;2;4690.000
RT HIV-1 AA_B.fasta;48;5.112;4703;5;4600.000
RT HIV-1 AA_B.fasta;49;4.227;4680;4;4429.000
RT HIV-1 AA_B.fasta;50;4.067;4674;4;4597.000
RT HIV-1 AA_B.fasta;51;4.009;4704;4;4694.000
RT HIV-1 AA_B.fasta;52;4.006;4714;4;4707.000
RT HIV-1 AA_B.fasta;53;4.027;4697;4;4665.000
RT HIV-1 AA_B.fasta;54;4.005;4686;4;4680.000
RT HIV-1 AA_B.fasta;55;5.014;4709;5;4696.000
RT HIV-1 AA_B.fasta;56;5.005;4668;5;4663.000
RT HIV-1 AA_B.fasta;57;7.013;4700;7;4691.000
RT HIV-1 AA_B.fasta;58;5.011;4713;5;4703.000
RT HIV-1 AA_B.fasta;59;3.004;4717;3;4711.000
RT HIV-1 AA_B.fasta;60;9.133;4652;8;4075.000
RT HIV-1 AA_B.fasta;61;4.005;4715;4;4709.000
RT HIV-1 AA_B.fasta;62;6.053;4642;6;4601.000
RT HIV-1 AA_B.fasta;63;3.001;4715;3;4713.000
RT HIV-1 AA_B.fasta;64;6.107;4690;6;4608.000
RT HIV-1 AA_B.fasta;65;5.015;4706;5;4692.000
RT HIV-1 AA_B.fasta;66;4.003;4643;4;4640.000
RT HIV-1 AA_B.fasta;67;6.218;4679;6;4515.000
RT HIV-1 AA_B.fasta;68;7.416;4690;7;4427.000
RT HIV-1 AA_B.fasta;69;11.360;4675;11;4527.000
RT HIV-1 AA_B.fasta;70;8.215;4695;8;4572.000
RT HIV-1 AA_B.fasta;71;4.008;4718;4;4709.000
RT HIV-1 AA_B.fasta;72;5.021;4701;5;4681.000
RT HIV-1 AA_B.fasta;73;2.000;4696;2;4695.000
RT HIV-1 AA_B.fasta;74;4.034;4692;4;4652.000
RT HIV-1 AA_B.fasta;75;7.077;4713;7;4662.000
RT HIV-1 AA_B.fasta;76;6.018;4691;6;4677.000
RT HIV-1 AA_B.fasta;77;3.014;4684;3;4662.000
RT HIV-1 AA_B.fasta;78;4.008;4668;4;4659.000
RT HIV-1 AA_B.fasta;79;8.038;4694;8;4672.000
RT HIV-1 AA_B.fasta;80;5.009;4697;5;4689.000
RT HIV-1 AA_B.fasta;81;4.008;4701;4;4692.000
RT HIV-1 AA_B.fasta;82;5.052;4622;5;4574.000
RT HIV-1 AA_B.fasta;83;3.418;4681;3;4108.000
RT HIV-1 AA_B.fasta;84;5.009;4712;5;4704.000
RT HIV-1 AA_B.fasta;85;6.013;4705;6;4695.000
RT HIV-1 AA_B.fasta;86;5.045;4646;5;4605.000
RT HIV-1 AA_B.fasta;87;5.015;4645;5;4631.000
RT HIV-1 AA_B.fasta;88;7.055;4720;7;4683.000
RT HIV-1 AA_B.fasta;89;3.005;4700;3;4692.000
RT HIV-1 AA_B.fasta;90;5.131;4674;5;4555.000
RT HIV-1 AA_B.fasta;91;6.014;4691;6;4680.000
RT HIV-1 AA_B.fasta;92;3.003;4695;3;4690.000
RT HIV-1 AA_B.fasta;93;3.006;4696;3;4686.000
RT HIV-1 AA_B.fasta;94;4.008;4716;4;4706.000
RT HIV-1 AA_B.fasta;95;2.002;4704;2;4699.000
RT HIV-1 AA_B.fasta;96;4.006;4690;4;4683.000
RT HIV-1 AA_B.fasta;97;3.005;4601;3;4594.000
RT HIV-1 AA_B.fasta;98;7.456;4691;7;4404.000
RT HIV-1 AA_B.fasta;99;4.009;4679;4;4669.000
RT HIV-1 AA_B.fasta;100;5.028;4648;5;4622.000
RT HIV-1 AA_B.fasta;101;7.231;4686;7;4536.000
RT HIV-1 AA_B.fasta;102;9.631;4683;9;4376.000
RT HIV-1 AA_B.fasta;103;7.618;4661;7;4283.000
RT HIV-1 AA_B.fasta;104;7.251;4675;7;4513.000
RT HIV-1 AA_B.fasta;105;5.021;4689;5;4669.000
RT HIV-1 AA_B.fasta;106;7.242;4675;7;4519.000
RT HIV-1 AA_B.fasta;107;5.045;4709;5;4667.000
RT HIV-1 AA_B.fasta;108;4.047;4665;4;4611.000
RT HIV-1 AA_B.fasta;109;3.004;4612;3;4606.000
RT HIV-1 AA_B.fasta;110;5.011;4719;5;4709.000
RT HIV-1 AA_B.fasta;111;5.032;4698;5;4668.000
RT HIV-1 AA_B.fasta;112;5.006;4684;5;4678.000
RT HIV-1 AA_B.fasta;113;4.008;4719;4;4710.000
RT HIV-1 AA_B.fasta;114;4.006;4716;4;4709.000
RT HIV-1 AA_B.fasta;115;3.011;4689;3;4672.000
RT HIV-1 AA_B.fasta;116;3.013;4663;3;4643.000
RT HIV-1 AA_B.fasta;117;3.004;4715;3;4709.000
RT HIV-1 AA_B.fasta;118;5.290;4672;5;4416.000
RT HIV-1 AA_B.fasta;119;3.005;4661;3;4653.000
RT HIV-1 AA_B.fasta;120;4.003;4685;4;4682.000
RT HIV-1 AA_B.fasta;121;7.365;4687;7;4455.000
RT HIV-1 AA_B.fasta;122;18.184;4593;12;3031.000
RT HIV-1 AA_B.fasta;123;18.233;4606;13;3284.000
RT HIV-1 AA_B.fasta;124;4.006;4688;4;4681.000
RT HIV-1 AA_B.fasta;125;4.008;4653;4;4644.000
RT HIV-1 AA_B.fasta;126;4.009;4666;4;4655.000
RT HIV-1 AA_B.fasta;127;5.009;4677;5;4669.000
RT HIV-1 AA_B.fasta;128;7.016;4710;7;4699.000
RT HIV-1 AA_B.fasta;129;6.010;4712;6;4704.000
RT HIV-1 AA_B.fasta;130;6.009;4675;6;4668.000
RT HIV-1 AA_B.fasta;131;7.015;4693;7;4683.000
RT HIV-1 AA_B.fasta;132;7.024;4720;7;4704.000
RT HIV-1 AA_B.fasta;133;6.012;4689;6;4680.000
RT HIV-1 AA_B.fasta;134;7.030;4703;7;4683.000
RT HIV-1 AA_B.fasta;135;22.514;4644;11;2269.000
RT HIV-1 AA_B.fasta;136;6.010;4690;6;4682.000
RT HIV-1 AA_B.fasta;137;8.024;4716;8;4702.000
RT HIV-1 AA_B.fasta;138;9.228;4694;9;4578.000
RT HIV-1 AA_B.fasta;139;9.150;4694;9;4617.000
RT HIV-1 AA_B.fasta;140;4.008;4709;4;4700.000
RT HIV-1 AA_B.fasta;141;5.013;4649;5;4637.000
RT HIV-1 AA_B.fasta;142;13.399;4654;12;4168.000
RT HIV-1 AA_B.fasta;143;5.011;4675;5;4665.000
RT HIV-1 AA_B.fasta;144;6.011;4705;6;4696.000
RT HIV-1 AA_B.fasta;145;9.083;4680;9;4637.000
RT HIV-1 AA_B.fasta;146;6.013;4692;6;4682.000
RT HIV-1 AA_B.fasta;147;6.017;4713;6;4700.000
RT HIV-1 AA_B.fasta;148;5.009;4670;5;4662.000
RT HIV-1 AA_B.fasta;149;4.005;4640;4;4634.000
RT HIV-1 AA_B.fasta;150;4.004;4697;4;4692.000
RT HIV-1 AA_B.fasta;151;6.043;4680;6;4647.000
RT HIV-1 AA_B.fasta;152;4.007;4699;4;4691.000
RT HIV-1 AA_B.fasta;153;8.024;4718;8;4704.000
RT HIV-1 AA_B.fasta;154;5.009;4691;5;4683.000
RT HIV-1 AA_B.fasta;155;5.006;4699;5;4693.000
RT HIV-1 AA_B.fasta;156;4.005;4703;4;4697.000
RT HIV-1 AA_B.fasta;157;4.006;4716;4;4709.000
RT HIV-1 AA_B.fasta;158;6.102;4708;6;4629.000
RT HIV-1 AA_B.fasta;159;8.043;4705;8;4680.000
RT HIV-1 AA_B.fasta;160;7.014;4662;7;4653.000
RT HIV-1 AA_B.fasta;161;5.010;4696;5;4687.000
RT HIV-1 AA_B.fasta;162;24.566;4638;15;2832.000
RT HIV-1 AA_B.fasta;163;5.024;4683;5;4661.000
RT HIV-1 AA_B.fasta;164;4.008;4722;4;4713.000
RT HIV-1 AA_B.fasta;165;10.378;4698;10;4527.000
RT HIV-1 AA_B.fasta;166;7.468;4646;7;4355.000
RT HIV-1 AA_B.fasta;167;7.021;4647;7;4633.000
RT HIV-1 AA_B.fasta;168;4.004;4677;4;4672.000
RT HIV-1 AA_B.fasta;169;9.694;4667;9;4333.000
RT HIV-1 AA_B.fasta;170;5.014;4680;5;4667.000
RT HIV-1 AA_B.fasta;171;3.024;4694;3;4657.000
RT HIV-1 AA_B.fasta;172;6.059;4698;6;4652.000
RT HIV-1 AA_B.fasta;173;11.895;4663;11;4312.000
RT HIV-1 AA_B.fasta;174;11.920;4653;11;4294.000
RT HIV-1 AA_B.fasta;175;4.062;4688;4;4617.000
RT HIV-1 AA_B.fasta;176;8.096;4708;8;4652.000
RT HIV-1 AA_B.fasta;177;14.008;4638;11;3642.000
RT HIV-1 AA_B.fasta;178;8.339;4645;7;3899.000
RT HIV-1 AA_B.fasta;179;14.163;4628;13;4248.000
RT HIV-1 AA_B.fasta;180;7.067;4673;7;4629.000
RT HIV-1 AA_B.fasta;181;7.162;4694;7;4588.000
RT HIV-1 AA_B.fasta;182;5.009;4698;5;4690.000
RT HIV-1 AA_B.fasta;183;6.009;4700;6;4693.000
RT HIV-1 AA_B.fasta;184;6.303;4721;6;4494.000
RT HIV-1 AA_B.fasta;185;5.010;4712;5;4703.000
RT HIV-1 AA_B.fasta;186;5.006;4675;5;4669.000
RT HIV-1 AA_B.fasta;187;6.009;4666;6;4659.000
RT HIV-1 AA_B.fasta;188;10.084;4706;10;4667.000
RT HIV-1 AA_B.fasta;189;7.088;4695;7;4637.000
RT HIV-1 AA_B.fasta;190;8.173;4683;8;4584.000
RT HIV-1 AA_B.fasta;191;5.006;4700;5;4694.000
RT HIV-1 AA_B.fasta;192;6.038;4654;6;4625.000
RT HIV-1 AA_B.fasta;193;4.007;4691;4;4683.000
RT HIV-1 AA_B.fasta;194;9.148;4698;9;4622.000
RT HIV-1 AA_B.fasta;195;9.266;4703;9;4568.000
RT HIV-1 AA_B.fasta;196;12.076;4653;10;3853.000
RT HIV-1 AA_B.fasta;197;14.560;4678;14;4498.000
RT HIV-1 AA_B.fasta;198;6.009;4696;6;4689.000
RT HIV-1 AA_B.fasta;199;7.027;4705;7;4687.000
RT HIV-1 AA_B.fasta;200;22.166;4619;13;2709.000
RT HIV-1 AA_B.fasta;201;5.037;4705;5;4670.000
RT HIV-1 AA_B.fasta;202;8.767;4697;8;4286.000
RT HIV-1 AA_B.fasta;203;8.208;4664;8;4546.000
RT HIV-1 AA_B.fasta;204;10.498;4682;10;4460.000
RT HIV-1 AA_B.fasta;205;5.006;4635;5;4629.000
RT HIV-1 AA_B.fasta;206;6.018;4693;6;4679.000
RT HIV-1 AA_B.fasta;207;19.306;4600;15;3574.000
RT HIV-1 AA_B.fasta;208;7.056;4703;7;4666.000
RT HIV-1 AA_B.fasta;209;3.004;4668;3;4662.000
RT HIV-1 AA_B.fasta;210;10.370;4652;10;4486.000
RT HIV-1 AA_B.fasta;211;29.779;4554;14;2141.000
RT HIV-1 AA_B.fasta;212;5.012;4719;5;4708.000
RT HIV-1 AA_B.fasta;213;4.003;4645;4;4641.000
RT HIV-1 AA_B.fasta;214;7.054;4658;6;3962.000
RT HIV-1 AA_B.fasta;215;15.062;4693;14;4362.000
RT HIV-1 AA_B.fasta;216;4.005;4698;4;4692.000
RT HIV-1 AA_B.fasta;217;3.003;4720;3;4716.000
RT HIV-1 AA_B.fasta;218;7.036;4668;7;4644.000
RT HIV-1 AA_B.fasta;219;8.270;4682;8;4529.000
RT HIV-1 AA_B.fasta;220;5.004;4674;5;4670.000
RT HIV-1 AA_B.fasta;221;7.074;4695;7;4646.000
RT HIV-1 AA_B.fasta;222;5.007;4696;5;4689.000
RT HIV-1 AA_B.fasta;223;6.045;4694;6;4659.000
RT HIV-1 AA_B.fasta;224;6.052;4700;6;4660.000
RT HIV-1 AA_B.fasta;225;4.016;4652;4;4634.000
RT HIV-1 AA_B.fasta;226;4.004;4713;4;4708.000
RT HIV-1 AA_B.fasta;227;6.018;4655;6;4641.000
RT HIV-1 AA_B.fasta;228;11.203;4680;11;4595.000
RT HIV-1 AA_B.fasta;229;4.005;4718;4;4712.000
RT HIV-1 AA_B.fasta;230;6.018;4720;6;4706.000
RT HIV-1 AA_B.fasta;231;4.004;4660;4;4655.000
RT HIV-1 AA_B.fasta;232;3.003;4720;3;4716.000
RT HIV-1 AA_B.fasta;233;5.010;4699;5;4690.000
RT HIV-1 AA_B.fasta;234;6.008;4700;6;4694.000
RT HIV-1 AA_B.fasta;235;4.004;4716;4;4711.000
RT HIV-1 AA_B.fasta;236;4.007;4699;4;4691.000
RT HIV-1 AA_B.fasta;237;6.065;4674;6;4624.000
RT HIV-1 AA_B.fasta;238;8.098;4703;8;4646.000
RT HIV-1 AA_B.fasta;239;5.006;4720;5;4714.000
RT HIV-1 AA_B.fasta;240;7.018;4705;7;4693.000
RT HIV-1 AA_B.fasta;241;8.036;4669;8;4648.000
RT HIV-1 AA_B.fasta;242;6.013;4704;6;4694.000
RT HIV-1 AA_B.fasta;243;7.089;4705;7;4646.000
RT HIV-1 AA_B.fasta;244;5.066;4713;5;4652.000
RT HIV-1 AA_B.fasta;245;25.766;4625;16;2872.000
RT HIV-1 AA_B.fasta;246;6.009;4660;6;4653.000
RT HIV-1 AA_B.fasta;247;6.013;4706;6;4696.000
RT HIV-1 AA_B.fasta;248;11.829;4667;11;4340.000
RT HIV-1 AA_B.fasta;249;5.074;4609;5;4542.000
RT HIV-1 AA_B.fasta;250;9.452;4659;9;4436.000
RT HIV-1 AA_B.fasta;251;12.333;4670;12;4544.000
RT HIV-1 AA_B.fasta;252;5.012;4716;5;4705.000
RT HIV-1 AA_B.fasta;253;5.010;4703;5;4694.000
RT HIV-1 AA_B.fasta;254;4.011;4699;4;4686.000
RT HIV-1 AA_B.fasta;255;6.015;4706;6;4694.000
RT HIV-1 AA_B.fasta;256;5.009;4682;5;4674.000
RT HIV-1 AA_B.fasta;257;6.076;4718;6;4659.000
RT HIV-1 AA_B.fasta;258;5.011;4696;5;4686.000
RT HIV-1 AA_B.fasta;259;5.013;4695;5;4683.000
RT HIV-1 AA_B.fasta;260;4.009;4697;4;4686.000
RT HIV-1 AA_B.fasta;261;5.095;4701;5;4613.000
RT HIV-1 AA_B.fasta;262;4.009;4699;4;4689.000
RT HIV-1 AA_B.fasta;263;5.005;4690;5;4685.000
RT HIV-1 AA_B.fasta;264;3.004;4574;3;4568.000
RT HIV-1 AA_B.fasta;265;5.012;4712;5;4701.000
RT HIV-1 AA_B.fasta;266;3.004;4715;3;4709.000
RT HIV-1 AA_B.fasta;267;3.004;4708;3;4702.000
RT HIV-1 AA_B.fasta;268;5.012;4695;5;4684.000
RT HIV-1 AA_B.fasta;269;5.009;4664;5;4656.000
RT HIV-1 AA_B.fasta;270;6.014;4681;6;4670.000
RT HIV-1 AA_B.fasta;271;5.019;4664;5;4646.000
RT HIV-1 AA_B.fasta;272;20.116;4669;10;2321.000
RT HIV-1 AA_B.fasta;273;3.008;4628;3;4616.000
RT HIV-1 AA_B.fasta;274;6.039;4685;6;4655.000
RT HIV-1 AA_B.fasta;275;8.316;4652;8;4475.000
RT HIV-1 AA_B.fasta;276;8.662;4659;8;4303.000
RT HIV-1 AA_B.fasta;277;10.517;4587;6;2617.000
RT HIV-1 AA_B.fasta;278;12.253;4677;10;3817.000
RT HIV-1 AA_B.fasta;279;5.008;4669;5;4662.000
RT HIV-1 AA_B.fasta;280;3.004;4691;3;4685.000
RT HIV-1 AA_B.fasta;281;4.258;4680;4;4396.000
RT HIV-1 AA_B.fasta;282;5.007;4680;5;4673.000
RT HIV-1 AA_B.fasta;283;6.645;4674;6;4220.000
RT HIV-1 AA_B.fasta;284;6.097;4667;6;4593.000
RT HIV-1 AA_B.fasta;285;5.006;4705;5;4699.000
RT HIV-1 AA_B.fasta;286;12.235;4618;9;3397.000
RT HIV-1 AA_B.fasta;287;5.018;4692;5;4675.000
RT HIV-1 AA_B.fasta;288;8.017;4684;7;4090.000
RT HIV-1 AA_B.fasta;289;4.007;4623;4;4615.000
RT HIV-1 AA_B.fasta;290;4.007;4712;4;4704.000
RT HIV-1 AA_B.fasta;291;6.128;4685;6;4587.000
RT HIV-1 AA_B.fasta;292;7.683;4657;7;4243.000
RT HIV-1 AA_B.fasta;293;10.873;4623;6;2551.000
RT HIV-1 AA_B.fasta;294;11.173;4676;10;4185.000
RT HIV-1 AA_B.fasta;295;5.015;4660;5;4646.000
RT HIV-1 AA_B.fasta;296;4.073;4703;4;4619.000
RT HIV-1 AA_B.fasta;297;26.125;4660;16;2854.000
RT HIV-1 AA_B.fasta;298;8.132;4693;8;4617.000
RT HIV-1 AA_B.fasta;299;4.005;4718;4;4712.000
RT HIV-1 AA_B.fasta;300;7.047;4653;7;4622.000
RT HIV-1 AA_B.fasta;301;6.106;4661;6;4580.000
RT HIV-1 AA_B.fasta;302;3.004;4706;3;4699.000
RT HIV-1 AA_B.fasta;303;3.006;4638;3;4629.000
RT HIV-1 AA_B.fasta;304;5.048;4691;5;4646.000
RT HIV-1 AA_B.fasta;305;4.009;4703;4;4693.000
RT HIV-1 AA_B.fasta;306;5.011;4689;5;4679.000
RT HIV-1 AA_B.fasta;307;5.025;4678;5;4655.000
RT HIV-1 AA_B.fasta;308;5.012;4643;5;4632.000
RT HIV-1 AA_B.fasta;309;6.112;4704;6;4618.000
RT HIV-1 AA_B.fasta;310;7.065;4675;7;4632.000
RT HIV-1 AA_B.fasta;311;8.937;4625;8;4140.000
RT HIV-1 AA_B.fasta;312;11.549;4671;11;4449.000
RT HIV-1 AA_B.fasta;313;10.389;4696;10;4520.000
RT HIV-1 AA_B.fasta;314;9.081;4690;9;4648.000
RT HIV-1 AA_B.fasta;315;9.069;4713;9;4677.000
RT HIV-1 AA_B.fasta;316;5.014;4655;5;4642.000
RT HIV-1 AA_B.fasta;317;8.878;4611;8;4155.000
RT HIV-1 AA_B.fasta;318;6.022;4694;6;4677.000
RT HIV-1 AA_B.fasta;319;5.012;4719;5;4708.000
RT HIV-1 AA_B.fasta;320;4.018;4682;4;4661.000
RT HIV-1 AA_B.fasta;321;6.040;4682;6;4651.000
RT HIV-1 AA_B.fasta;322;11.047;4686;10;4242.000
RT HIV-1 AA_B.fasta;323;5.013;4712;5;4700.000
RT HIV-1 AA_B.fasta;324;12.190;4619;11;4168.000
RT HIV-1 AA_B.fasta;325;3.021;4681;3;4649.000
RT HIV-1 AA_B.fasta;326;10.292;4669;9;4083.000
RT HIV-1 AA_B.fasta;327;4.064;4710;4;4636.000
RT HIV-1 AA_B.fasta;328;6.079;4697;6;4636.000
RT HIV-1 AA_B.fasta;329;10.290;4673;8;3633.000
RT HIV-1 AA_B.fasta;330;5.007;4680;5;4673.000
RT HIV-1 AA_B.fasta;331;6.012;4682;6;4673.000
RT HIV-1 AA_B.fasta;332;7.013;4686;7;4677.000
RT HIV-1 AA_B.fasta;333;8.911;4616;8;4144.000
RT HIV-1 AA_B.fasta;334;33.053;4609;18;2510.000
RT HIV-1 AA_B.fasta;335;10.727;4636;10;4322.000
RT HIV-1 AA_B.fasta;336;4.006;4687;4;4680.000
RT HIV-1 AA_B.fasta;337;6.013;4721;6;4711.000
RT HIV-1 AA_B.fasta;338;5.191;4699;5;4526.000
RT HIV-1 AA_B.fasta;339;5.030;4699;5;4671.000
RT HIV-1 AA_B.fasta;340;5.007;4700;5;4693.000
RT HIV-1 AA_B.fasta;341;7.098;4696;7;4631.000
RT HIV-1 AA_B.fasta;342;7.077;4701;7;4650.000
RT HIV-1 AA_B.fasta;343;5.010;4685;5;4676.000
RT HIV-1 AA_B.fasta;344;6.221;4653;6;4488.000
RT HIV-1 AA_B.fasta;345;8.615;4680;8;4346.000
RT HIV-1 AA_B.fasta;346;13.765;4689;11;3747.000
RT HIV-1 AA_B.fasta;347;5.062;4666;5;4609.000
RT HIV-1 AA_B.fasta;348;9.124;4698;9;4634.000
RT HIV-1 AA_B.fasta;349;5.010;4653;5;4644.000
RT HIV-1 AA_B.fasta;350;4.040;4680;4;4634.000
RT HIV-1 AA_B.fasta;351;4.006;4715;4;4708.000
RT HIV-1 AA_B.fasta;352;5.011;4712;5;4702.000
RT HIV-1 AA_B.fasta;353;4.003;4672;4;4668.000
RT HIV-1 AA_B.fasta;354;7.016;4713;7;4702.000
RT HIV-1 AA_B.fasta;355;8.081;4711;8;4664.000
RT HIV-1 AA_B.fasta;356;4.747;4632;4;3903.000
RT HIV-1 AA_B.fasta;357;16.800;4648;12;3320.000
RT HIV-1 AA_B.fasta;358;5.510;4671;5;4239.000
RT HIV-1 AA_B.fasta;359;9.866;4661;9;4252.000
RT HIV-1 AA_B.fasta;360;10.249;4652;9;4085.000
RT HIV-1 AA_B.fasta;361;4.006;4694;4;4687.000
RT HIV-1 AA_B.fasta;362;6.014;4684;6;4673.000
RT HIV-1 AA_B.fasta;363;3.004;4723;3;4717.000
RT HIV-1 AA_B.fasta;364;5.019;4714;5;4696.000
RT HIV-1 AA_B.fasta;365;4.236;4695;4;4433.000
RT HIV-1 AA_B.fasta;366;5.676;4646;5;4093.000
RT HIV-1 AA_B.fasta;367;7.091;4678;7;4618.000
RT HIV-1 AA_B.fasta;368;6.014;4687;6;4676.000
RT HIV-1 AA_B.fasta;369;9.761;4681;9;4316.000
RT HIV-1 AA_B.fasta;370;9.224;4692;9;4578.000
RT HIV-1 AA_B.fasta;371;7.387;4695;7;4449.000
RT HIV-1 AA_B.fasta;372;5.031;4673;5;4644.000
RT HIV-1 AA_B.fasta;373;9.150;4687;9;4610.000
RT HIV-1 AA_B.fasta;374;6.091;4676;6;4606.000
RT HIV-1 AA_B.fasta;375;8.604;4699;8;4369.000
RT HIV-1 AA_B.fasta;376;12.447;4644;9;3358.000
RT HIV-1 AA_B.fasta;377;19.302;4677;16;3877.000
RT HIV-1 AA_B.fasta;378;7.016;4700;7;4689.000
RT HIV-1 AA_B.fasta;379;6.516;4685;6;4314.000
RT HIV-1 AA_B.fasta;380;5.022;4713;5;4692.000
RT HIV-1 AA_B.fasta;381;5.255;4644;5;4419.000
RT HIV-1 AA_B.fasta;382;6.054;4707;6;4665.000
RT HIV-1 AA_B.fasta;383;3.007;4723;3;4712.000
RT HIV-1 AA_B.fasta;384;6.017;4671;6;4658.000
RT HIV-1 AA_B.fasta;385;5.219;4654;5;4459.000
RT HIV-1 AA_B.fasta;386;13.823;4657;11;3706.000
RT HIV-1 AA_B.fasta;387;5.008;4718;5;4710.000
RT HIV-1 AA_B.fasta;388;8.139;4693;8;4613.000
RT HIV-1 AA_B.fasta;389;5.009;4707;5;4699.000
RT HIV-1 AA_B.fasta;390;11.461;4636;6;2427.000
RT HIV-1 AA_B.fasta;391;6.014;4616;6;4605.000
RT HIV-1 AA_B.fasta;392;3.004;4707;3;4701.000
RT HIV-1 AA_B.fasta;393;6.047;4714;6;4677.000
RT HIV-1 AA_B.fasta;394;9.123;4687;9;4624.000
RT HIV-1 AA_B.fasta;395;3.057;4620;3;4534.000
RT HIV-1 AA_B.fasta;396;6.080;4688;6;4626.000
RT HIV-1 AA_B.fasta;397;9.063;4712;9;4679.000
RT HIV-1 AA_B.fasta;398;6.018;4715;6;4701.000
RT HIV-1 AA_B.fasta;399;7.734;4679;7;4235.000
RT HIV-1 AA_B.fasta;400;23.630;4667;12;2370.000
RT HIV-1 AA_B.fasta;401;4.008;4716;4;4707.000
RT HIV-1 AA_B.fasta;402;4.009;4723;4;4712.000
RT HIV-1 AA_B.fasta;403;16.882;4640;13;3573.000
RT HIV-1 AA_B.fasta;404;8.871;4653;8;4196.000
RT HIV-1 AA_B.fasta;405;7.074;4711;7;4662.000
RT HIV-1 AA_B.fasta;406;5.010;4721;5;4712.000
RT HIV-1 AA_B.fasta;407;6.012;4683;6;4674.000
RT HIV-1 AA_B.fasta;408;6.010;4698;6;4690.000
RT HIV-1 AA_B.fasta;409;6.019;4686;6;4671.000
RT HIV-1 AA_B.fasta;410;8.046;4713;8;4686.000
RT HIV-1 AA_B.fasta;411;5.067;4702;5;4640.000
RT HIV-1 AA_B.fasta;412;5.010;4699;5;4690.000
RT HIV-1 AA_B.fasta;413;4.046;4662;4;4609.000
RT HIV-1 AA_B.fasta;414;7.028;4716;7;4697.000
RT HIV-1 AA_B.fasta;415;5.020;4663;5;4644.000
RT HIV-1 AA_B.fasta;416;8.077;4714;8;4669.000
RT HIV-1 AA_B.fasta;417;9.169;4681;8;4084.000
RT HIV-1 AA_B.fasta;418;6.055;4699;6;4656.000
RT HIV-1 AA_B.fasta;419;4.009;4709;4;4699.000
RT HIV-1 AA_B.fasta;420;6.009;4709;6;4702.000
RT HIV-1 AA_B.fasta;421;7.037;4697;7;4672.000
RT HIV-1 AA_B.fasta;422;2.000;4682;2;4681.000
RT HIV-1 AA_B.fasta;423;5.011;4555;5;4545.000
RT HIV-1 AA_B.fasta;424;4.004;4703;4;4698.000
RT HIV-1 AA_B.fasta;425;4.007;4689;4;4681.000
RT HIV-1 AA_B.fasta;426;4.006;4720;4;4713.000
RT HIV-1 AA_B.fasta;427;7.015;4675;7;4665.000
RT HIV-1 AA_B.fasta;428;7.022;4698;7;4683.000
RT HIV-1 AA_B.fasta;429;6.012;4683;6;4674.000
RT HIV-1 AA_B.fasta;430;8.026;4573;8;4558.000
RT HIV-1 AA_B.fasta;431;9.503;4649;9;4403.000
RT HIV-1 AA_B.fasta;432;7.427;4684;7;4415.000
RT HIV-1 AA_B.fasta;433;4.009;4698;4;4688.000
RT HIV-1 AA_B.fasta;434;8.067;4708;8;4669.000
RT HIV-1 AA_B.fasta;435;23.199;4574;12;2366.000
RT HIV-1 AA_B.fasta;436;6.118;4677;6;4587.000
RT HIV-1 AA_B.fasta;437;7.141;4702;7;4609.000
RT HIV-1 AA_B.fasta;438;6.015;4693;6;4681.000
RT HIV-1 AA_B.fasta;439;4.008;4670;4;4661.000
RT HIV-1 AA_B.fasta;440;7.089;4697;7;4638.000
RT HIV-1 AA_C.fasta;1;5.010;3368;5;3361.000
RT HIV-1 AA_C.fasta;2;5.009;3338;5;3332.000
RT HIV-1 AA_C.fasta;3;5.010;3352;5;3345.000
RT HIV-1 AA_C.fasta;4;5.336;3316;5;3107.000
RT HIV-1 AA_C.fasta;5;7.059;3374;7;3346.000
RT HIV-1 AA_C.fasta;6;9.557;3346;9;3151.000
RT HIV-1 AA_C.fasta;7;5.015;3359;5;3349.000
RT HIV-1 AA_C.fasta;8;3.120;3349;3;3220.000
RT HIV-1 AA_C.fasta;9;2.002;3369;2;3366.000
RT HIV-1 AA_C.fasta;10;6.016;3357;6;3348.000
RT HIV-1 AA_C.fasta;11;12.419;3347;12;3234.000
RT HIV-1 AA_C.fasta;12;5.006;3328;5;3324.000
RT HIV-1 AA_C.fasta;13;5.014;3342;5;3333.000
RT HIV-1 AA_C.fasta;14;7.031;3374;7;3359.000
RT HIV-1 AA_C.fasta;15;3.004;3355;3;3351.000
RT HIV-1 AA_C.fasta;16;5.018;3375;5;3363.000
RT HIV-1 AA_C.fasta;17;3.006;3356;3;3349.000
RT HIV-1 AA_C.fasta;18;3.002;3354;3;3352.000
RT HIV-1 AA_C.fasta;19;2.001;3371;2;3370.000
RT HIV-1 AA_C.fasta;20;7.756;3294;7;2973.000
RT HIV-1 AA_C.fasta;21;3.078;3356;3;3271.000
RT HIV-1 AA_C.fasta;22;3.020;3358;3;3336.000
RT HIV-1 AA_C.fasta;23;5.006;3367;5;3363.000
RT HIV-1 AA_C.fasta;24;3.002;3378;3;3376.000
RT HIV-1 AA_C.fasta;25;4.005;3353;4;3349.000
RT HIV-1 AA_C.fasta;26;2.001;3335;2;3334.000
RT HIV-1 AA_C.fasta;27;3.113;3360;3;3238.000
RT HIV-1 AA_C.fasta;28;7.162;3354;7;3278.000
RT HIV-1 AA_C.fasta;29;5.008;3288;5;3283.000
RT HIV-1 AA_C.fasta;30;5.012;3357;5;3349.000
RT HIV-1 AA_C.fasta;31;4.015;3373;4;3360.000
RT HIV-1 AA_C.fasta;32;9.349;3349;9;3224.000
RT HIV-1 AA_C.fasta;33;5.007;3363;5;3358.000
RT HIV-1 AA_C.fasta;34;3.006;3362;3;3355.000
RT HIV-1 AA_C.fasta;35;11.765;3352;11;3134.000
RT HIV-1 AA_C.fasta;36;16.533;3299;11;2195.000
RT HIV-1 AA_C.fasta;37;3.003;3354;3;3351.000
RT HIV-1 AA_C.fasta;38;3.003;3370;3;3367.000
RT HIV-1 AA_C.fasta;39;16.675;3303;13;2575.000
RT HIV-1 AA_C.fasta;40;7.525;3326;7;3094.000
RT HIV-1 AA_C.fasta;41;5.062;3368;5;3327.000
RT HIV-1 AA_C.fasta;42;4.009;3271;4;3264.000
RT HIV-1 AA_C.fasta;43;6.183;3345;6;3246.000
RT HIV-1 AA_C.fasta;44;3.007;3346;3;3338.000
RT HIV-1 AA_C.fasta;45;4.016;3348;4;3335.000
RT HIV-1 AA_C.fasta;46;3.008;3367;3;3358.000
RT HIV-1 AA_C.fasta;47;5.016;3366;5;3355.000
RT HIV-1 AA_C.fasta;48;9.018;3349;8;2971.000
RT HIV-1 AA_C.fasta;49;4.093;3348;4;3272.000
RT HIV-1 AA_C.fasta;50;2.007;3361;2;3350.000
RT HIV-1 AA_C.fasta;51;3.005;3368;3;3362.000
RT HIV-1 AA_C.fasta;52;3.002;3375;3;3373.000
RT HIV-1 AA_C.fasta;53;4.113;3351;4;3259.000
RT HIV-1 AA_C.fasta;54;3.002;3350;3;3348.000
RT HIV-1 AA_C.fasta;55;1.000;3364;1;3364.000
RT HIV-1 AA_C.fasta;56;2.001;3352;2;3351.000
RT HIV-1 AA_C.fasta;57;2.001;3310;2;3309.000
RT HIV-1 AA_C.fasta;58;3.002;3357;3;3355.000
RT HIV-1 AA_C.fasta;59;2.001;3354;2;3352.000
RT HIV-1 AA_C.fasta;60;3.204;3315;2;2069.000
RT HIV-1 AA_C.fasta;61;4.005;3368;4;3364.000
RT HIV-1 AA_C.fasta;62;3.018;3336;3;3316.000
RT HIV-1 AA_C.fasta;63;3.003;3375;3;3372.000
RT HIV-1 AA_C.fasta;64;3.034;3355;3;3317.000
RT HIV-1 AA_C.fasta;65;4.116;3365;4;3270.000
RT HIV-1 AA_C.fasta;66;3.009;3317;3;3307.000
RT HIV-1 AA_C.fasta;67;5.094;3346;5;3284.000
RT HIV-1 AA_C.fasta;68;6.142;3324;6;3247.000
RT HIV-1 AA_C.fasta;69;7.102;3341;7;3293.000
RT HIV-1 AA_C.fasta;70;7.142;3326;7;3260.000
RT HIV-1 AA_C.fasta;71;4.007;3379;4;3373.000
RT HIV-1 AA_C.fasta;72;4.010;3337;4;3329.000
RT HIV-1 AA_C.fasta;73;4.005;3367;4;3363.000
RT HIV-1 AA_C.fasta;74;4.039;3347;4;3315.000
RT HIV-1 AA_C.fasta;75;7.052;3366;7;3341.000
RT HIV-1 AA_C.fasta;76;2.002;3356;2;3352.000
RT HIV-1 AA_C.fasta;77;3.003;3334;3;3331.000
RT HIV-1 AA_C.fasta;78;3.007;3335;3;3327.000
RT HIV-1 AA_C.fasta;79;3.002;3347;3;3345.000
RT HIV-1 AA_C.fasta;80;2.001;3333;2;3332.000
RT HIV-1 AA_C.fasta;81;3.002;3368;3;3366.000
RT HIV-1 AA_C.fasta;82;2.004;3352;2;3345.000
RT HIV-1 AA_C.fasta;83;3.003;3360;3;3357.000
RT HIV-1 AA_C.fasta;84;2.001;3366;2;3365.000
RT HIV-1 AA_C.fasta;85;2.001;3368;2;3367.000
RT HIV-1 AA_C.fasta;86;3.016;3290;3;3273.000
RT HIV-1 AA_C.fasta;87;3.004;3354;3;3350.000
RT HIV-1 AA_C.fasta;88;7.146;3370;7;3301.000
RT HIV-1 AA_C.fasta;89;3.002;3329;3;3327.000
RT HIV-1 AA_C.fasta;90;2.032;3338;2;3286.000
RT HIV-1 AA_C.fasta;91;5.007;3357;5;3352.000
RT HIV-1 AA_C.fasta;92;2.001;3359;2;3358.000
RT HIV-1 AA_C.fasta;93;3.004;3354;3;3349.000
RT HIV-1 AA_C.fasta;94;4.005;3368;4;3364.000
RT HIV-1 AA_C.fasta;95;1.000;3355;1;3355.000
RT HIV-1 AA_C.fasta;96;3.002;3344;3;3342.000
RT HIV-1 AA_C.fasta;97;1.000;3360;1;3360.000
RT HIV-1 AA_C.fasta;98;5.257;3353;5;3189.000
RT HIV-1 AA_C.fasta;99;3.002;3353;3;3351.000
RT HIV-1 AA_C.fasta;100;4.030;3338;4;3313.000
RT HIV-1 AA_C.fasta;101;10.268;3338;10;3251.000
RT HIV-1 AA_C.fasta;102;9.379;3344;9;3209.000
RT HIV-1 AA_C.fasta;103;7.558;3318;7;3073.000
RT HIV-1 AA_C.fasta;104;5.130;3347;5;3262.000
RT HIV-1 AA_C.fasta;105;5.018;3370;5;3358.000
RT HIV-1 AA_C.fasta;106;5.175;3333;5;3220.000
RT HIV-1 AA_C.fasta;107;2.002;3373;2;3369.000
RT HIV-1 AA_C.fasta;108;2.022;3333;2;3297.000
RT HIV-1 AA_C.fasta;109;4.015;3217;4;3205.000
RT HIV-1 AA_C.fasta;110;2.001;3360;2;3358.000
RT HIV-1 AA_C.fasta;111;5.016;3357;5;3346.000
RT HIV-1 AA_C.fasta;112;5.013;3348;5;3339.000
RT HIV-1 AA_C.fasta;113;3.002;3366;3;3364.000
RT HIV-1 AA_C.fasta;114;2.001;3365;2;3364.000
RT HIV-1 AA_C.fasta;115;4.042;3362;4;3327.000
RT HIV-1 AA_C.fasta;116;4.008;3363;4;3356.000
RT HIV-1 AA_C.fasta;117;2.001;3366;2;3365.000
RT HIV-1 AA_C.fasta;118;5.185;3330;5;3211.000
RT HIV-1 AA_C.fasta;119;1.000;3351;1;3351.000
RT HIV-1 AA_C.fasta;120;2.001;3345;2;3344.000
RT HIV-1 AA_C.fasta;121;11.053;3339;10;3021.000
RT HIV-1 AA_C.fasta;122;9.999;3313;9;2982.000
RT HIV-1 AA_C.fasta;123;33.222;3176;10;956.000
RT HIV-1 AA_C.fasta;124;2.001;3340;2;3339.000
RT HIV-1 AA_C.fasta;125;4.007;3323;4;3317.000
RT HIV-1 AA_C.fasta;126;5.023;3289;5;3274.000
RT HIV-1 AA_C.fasta;127;2.001;3325;2;3324.000
RT HIV-1 AA_C.fasta;128;3.003;3341;3;3338.000
RT HIV-1 AA_C.fasta;129;1.000;3355;1;3355.000
RT HIV-1 AA_C.fasta;130;3.002;3345;3;3343.000
RT HIV-1 AA_C.fasta;131;3.004;3349;3;3344.000
RT HIV-1 AA_C.fasta;132;7.019;3366;7;3357.000
RT HIV-1 AA_C.fasta;133;1.000;3341;1;3341.000
RT HIV-1 AA_C.fasta;134;4.007;3360;4;3354.000
RT HIV-1 AA_C.fasta;135;10.280;3323;8;2586.000
RT HIV-1 AA_C.fasta;136;2.001;3342;2;3341.000
RT HIV-1 AA_C.fasta;137;3.002;3370;3;3368.000
RT HIV-1 AA_C.fasta;138;7.580;3321;7;3067.000
RT HIV-1 AA_C.fasta;139;11.452;3343;11;3211.000
RT HIV-1 AA_C.fasta;140;1.000;3368;1;3368.000
RT HIV-1 AA_C.fasta;141;4.007;3330;4;3324.000
RT HIV-1 AA_C.fasta;142;11.744;3330;11;3119.000
RT HIV-1 AA_C.fasta;143;2.002;3338;2;3334.000
RT HIV-1 AA_C.fasta;144;4.008;3357;4;3350.000
RT HIV-1 AA_C.fasta;145;5.035;3356;5;3333.000
RT HIV-1 AA_C.fasta;146;4.004;3347;4;3344.000
RT HIV-1 AA_C.fasta;147;2.001;3371;2;3369.000
RT HIV-1 AA_C.fasta;148;1.000;3341;1;3341.000
RT HIV-1 AA_C.fasta;149;2.001;3314;2;3313.000
RT HIV-1 AA_C.fasta;150;2.001;3357;2;3356.000
RT HIV-1 AA_C.fasta;151;3.004;3333;3;3329.000
RT HIV-1 AA_C.fasta;152;2.002;3361;2;3358.000
RT HIV-1 AA_C.fasta;153;3.003;3375;3;3372.000
RT HIV-1 AA_C.fasta;154;3.003;3348;3;3345.000
RT HIV-1 AA_C.fasta;155;2.001;3352;2;3351.000
RT HIV-1 AA_C.fasta;156;3.004;3366;3;3362.000
RT HIV-1 AA_C.fasta;157;2.001;3366;2;3365.000
RT HIV-1 AA_C.fasta;158;5.477;3341;5;3050.000
RT HIV-1 AA_C.fasta;159;3.023;3368;3;3342.000
RT HIV-1 AA_C.fasta;160;4.004;3312;4;3309.000
RT HIV-1 AA_C.fasta;161;2.001;3353;2;3352.000
RT HIV-1 AA_C.fasta;162;15.430;3320;12;2582.000
RT HIV-1 AA_C.fasta;163;5.041;3348;5;3321.000
RT HIV-1 AA_C.fasta;164;2.001;3376;2;3375.000
RT HIV-1 AA_C.fasta;165;8.644;3342;8;3093.000
RT HIV-1 AA_C.fasta;166;5.741;3317;5;2889.000
RT HIV-1 AA_C.fasta;167;4.005;3320;4;3316.000
RT HIV-1 AA_C.fasta;168;1.000;3355;1;3355.000
RT HIV-1 AA_C.fasta;169;8.257;3337;8;3233.000
RT HIV-1 AA_C.fasta;170;4.012;3355;4;3345.000
RT HIV-1 AA_C.fasta;171;5.036;3358;5;3334.000
RT HIV-1 AA_C.fasta;172;3.009;3330;3;3320.000
RT HIV-1 AA_C.fasta;173;21.378;3306;14;2165.000
RT HIV-1 AA_C.fasta;174;25.595;3286;13;1669.000
RT HIV-1 AA_C.fasta;175;3.029;3338;3;3306.000
RT HIV-1 AA_C.fasta;176;5.028;3373;5;3354.000
RT HIV-1 AA_C.fasta;177;12.039;3308;9;2473.000
RT HIV-1 AA_C.fasta;178;4.730;3299;4;2790.000
RT HIV-1 AA_C.fasta;179;7.334;3338;7;3186.000
RT HIV-1 AA_C.fasta;180;3.003;3356;3;3353.000
RT HIV-1 AA_C.fasta;181;3.076;3359;3;3276.000
RT HIV-1 AA_C.fasta;182;1.000;3363;1;3363.000
RT HIV-1 AA_C.fasta;183;3.003;3323;3;3320.000
RT HIV-1 AA_C.fasta;184;4.323;3371;4;3119.000
RT HIV-1 AA_C.fasta;185;4.005;3376;4;3372.000
RT HIV-1 AA_C.fasta;186;3.003;3349;3;3346.000
RT HIV-1 AA_C.fasta;187;5.006;3329;5;3325.000
RT HIV-1 AA_C.fasta;188;5.042;3368;5;3340.000
RT HIV-1 AA_C.fasta;189;3.018;3350;3;3330.000
RT HIV-1 AA_C.fasta;190;7.176;3346;7;3264.000
RT HIV-1 AA_C.fasta;191;2.001;3367;2;3366.000
RT HIV-1 AA_C.fasta;192;3.014;3330;3;3315.000
RT HIV-1 AA_C.fasta;193;4.006;3353;4;3348.000
RT HIV-1 AA_C.fasta;194;6.076;3346;6;3304.000
RT HIV-1 AA_C.fasta;195;7.095;3364;7;3319.000
RT HIV-1 AA_C.fasta;196;14.363;3330;13;3014.000
RT HIV-1 AA_C.fasta;197;8.223;3351;8;3260.000
RT HIV-1 AA_C.fasta;198;3.003;3340;3;3337.000
RT HIV-1 AA_C.fasta;199;4.007;3370;4;3364.000
RT HIV-1 AA_C.fasta;200;12.881;3348;12;3119.000
RT HIV-1 AA_C.fasta;201;8.065;3351;8;3324.000
RT HIV-1 AA_C.fasta;202;4.440;3343;4;3012.000
RT HIV-1 AA_C.fasta;203;8.149;3281;8;3221.000
RT HIV-1 AA_C.fasta;204;9.616;3308;9;3096.000
RT HIV-1 AA_C.fasta;205;4.004;3333;4;3330.000
RT HIV-1 AA_C.fasta;206;3.005;3351;3;3345.000
RT HIV-1 AA_C.fasta;207;20.281;3270;13;2096.000
RT HIV-1 AA_C.fasta;208;3.006;3342;3;3335.000
RT HIV-1 AA_C.fasta;209;1.000;3299;1;3299.000
RT HIV-1 AA_C.fasta;210;7.045;3320;7;3299.000
RT HIV-1 AA_C.fasta;211;17.213;3246;12;2263.000
RT HIV-1 AA_C.fasta;212;5.015;3377;5;3367.000
RT HIV-1 AA_C.fasta;213;3.002;3352;3;3350.000
RT HIV-1 AA_C.fasta;214;4.803;3319;4;2764.000
RT HIV-1 AA_C.fasta;215;7.135;3338;7;3275.000
RT HIV-1 AA_C.fasta;216;3.002;3369;3;3367.000
RT HIV-1 AA_C.fasta;217;2.001;3373;2;3372.000
RT HIV-1 AA_C.fasta;218;5.021;3331;5;3317.000
RT HIV-1 AA_C.fasta;219;6.100;3341;6;3286.000
RT HIV-1 AA_C.fasta;220;2.001;3325;2;3324.000
RT HIV-1 AA_C.fasta;221;4.034;3365;4;3337.000
RT HIV-1 AA_C.fasta;222;3.004;3368;3;3364.000
RT HIV-1 AA_C.fasta;223;6.031;3349;6;3332.000
RT HIV-1 AA_C.fasta;224;4.004;3362;4;3359.000
RT HIV-1 AA_C.fasta;225;3.035;3351;3;3312.000
RT HIV-1 AA_C.fasta;226;1.000;3372;1;3372.000
RT HIV-1 AA_C.fasta;227;3.027;3368;3;3338.000
RT HIV-1 AA_C.fasta;228;8.162;3329;8;3263.000
RT HIV-1 AA_C.fasta;229;3.004;3379;3;3375.000
RT HIV-1 AA_C.fasta;230;4.021;3374;4;3356.000
RT HIV-1 AA_C.fasta;231;3.004;3348;3;3343.000
RT HIV-1 AA_C.fasta;232;5.009;3372;5;3366.000
RT HIV-1 AA_C.fasta;233;2.001;3359;2;3357.000
RT HIV-1 AA_C.fasta;234;4.006;3367;4;3362.000
RT HIV-1 AA_C.fasta;235;1.000;3370;1;3370.000
RT HIV-1 AA_C.fasta;236;1.000;3370;1;3370.000
RT HIV-1 AA_C.fasta;237;4.007;3346;4;3340.000
RT HIV-1 AA_C.fasta;238;5.050;3337;5;3304.000
RT HIV-1 AA_C.fasta;239;3.004;3373;3;3369.000
RT HIV-1 AA_C.fasta;240;5.013;3365;5;3356.000
RT HIV-1 AA_C.fasta;241;4.041;3325;4;3291.000
RT HIV-1 AA_C.fasta;242;2.001;3367;2;3366.000
RT HIV-1 AA_C.fasta;243;10.509;3346;10;3184.000
RT HIV-1 AA_C.fasta;244;4.021;3367;4;3349.000
RT HIV-1 AA_C.fasta;245;20.200;3304;16;2617.000
RT HIV-1 AA_C.fasta;246;6.009;3333;6;3328.000
RT HIV-1 AA_C.fasta;247;7.076;3368;7;3332.000
RT HIV-1 AA_C.fasta;248;15.543;3325;13;2781.000
RT HIV-1 AA_C.fasta;249;5.049;3285;5;3253.000
RT HIV-1 AA_C.fasta;250;8.236;3293;6;2399.000
RT HIV-1 AA_C.fasta;251;14.935;3338;14;3129.000
RT HIV-1 AA_C.fasta;252;5.006;3373;5;3369.000
RT HIV-1 AA_C.fasta;253;5.021;3367;5;3353.000
RT HIV-1 AA_C.fasta;254;3.003;3360;3;3357.000
RT HIV-1 AA_C.fasta;255;5.010;3370;5;3363.000
RT HIV-1 AA_C.fasta;256;4.020;3344;4;3327.000
RT HIV-1 AA_C.fasta;257;5.051;3366;5;3332.000
RT HIV-1 AA_C.fasta;258;2.001;3341;2;3340.000
RT HIV-1 AA_C.fasta;259;5.012;3352;5;3344.000
RT HIV-1 AA_C.fasta;260;4.023;3346;4;3327.000
RT HIV-1 AA_C.fasta;261;2.002;3362;2;3359.000
RT HIV-1 AA_C.fasta;262;3.002;3358;3;3356.000
RT HIV-1 AA_C.fasta;263;2.001;3360;2;3359.000
RT HIV-1 AA_C.fasta;264;2.001;3343;2;3342.000
RT HIV-1 AA_C.fasta;265;2.001;3327;2;3326.000
RT HIV-1 AA_C.fasta;266;2.001;3379;2;3377.000
RT HIV-1 AA_C.fasta;267;3.002;3360;3;3358.000
RT HIV-1 AA_C.fasta;268;2.001;3365;2;3364.000
RT HIV-1 AA_C.fasta;269;2.001;3348;2;3347.000
RT HIV-1 AA_C.fasta;270;3.002;3350;3;3348.000
RT HIV-1 AA_C.fasta;271;4.007;3327;4;3321.000
RT HIV-1 AA_C.fasta;272;12.997;3361;10;2586.000
RT HIV-1 AA_C.fasta;273;5.047;3342;5;3311.000
RT HIV-1 AA_C.fasta;274;3.077;3328;3;3245.000
RT HIV-1 AA_C.fasta;275;6.705;3327;6;2977.000
RT HIV-1 AA_C.fasta;276;5.146;3321;5;3227.000
RT HIV-1 AA_C.fasta;277;15.744;3280;9;1875.000
RT HIV-1 AA_C.fasta;278;10.977;3336;10;3039.000
RT HIV-1 AA_C.fasta;279;6.158;3316;6;3231.000
RT HIV-1 AA_C.fasta;280;5.010;3356;5;3349.000
RT HIV-1 AA_C.fasta;281;3.325;3331;3;3005.000
RT HIV-1 AA_C.fasta;282;3.005;3342;3;3336.000
RT HIV-1 AA_C.fasta;283;5.148;3336;5;3240.000
RT HIV-1 AA_C.fasta;284;3.053;3337;3;3279.000
RT HIV-1 AA_C.fasta;285;3.003;3332;3;3329.000
RT HIV-1 AA_C.fasta;286;6.277;3278;4;2089.000
RT HIV-1 AA_C.fasta;287;5.021;3338;5;3324.000
RT HIV-1 AA_C.fasta;288;7.104;3349;7;3300.000
RT HIV-1 AA_C.fasta;289;2.001;3289;2;3288.000
RT HIV-1 AA_C.fasta;290;4.006;3369;4;3364.000
RT HIV-1 AA_C.fasta;291;6.359;3326;6;3138.000
RT HIV-1 AA_C.fasta;292;5.409;3334;5;3082.000
RT HIV-1 AA_C.fasta;293;4.292;3334;4;3107.000
RT HIV-1 AA_C.fasta;294;10.677;3328;10;3117.000
RT HIV-1 AA_C.fasta;295;3.005;3326;3;3321.000
RT HIV-1 AA_C.fasta;296;6.022;3358;6;3346.000
RT HIV-1 AA_C.fasta;297;12.971;3326;12;3077.000
RT HIV-1 AA_C.fasta;298;6.022;3357;6;3345.000
RT HIV-1 AA_C.fasta;299;2.002;3374;2;3371.000
RT HIV-1 AA_C.fasta;300;6.030;3363;6;3346.000
RT HIV-1 AA_C.fasta;301;6.032;3355;6;3337.000
RT HIV-1 AA_C.fasta;302;3.005;3352;3;3346.000
RT HIV-1 AA_C.fasta;303;3.004;3337;3;3333.000
RT HIV-1 AA_C.fasta;304;4.041;3374;4;3340.000
RT HIV-1 AA_C.fasta;305;3.002;3322;3;3320.000
RT HIV-1 AA_C.fasta;306;4.008;3344;4;3337.000
RT HIV-1 AA_C.fasta;307;3.032;3345;3;3310.000
RT HIV-1 AA_C.fasta;308;4.016;3353;4;3340.000
RT HIV-1 AA_C.fasta;309;5.021;3368;5;3354.000
RT HIV-1 AA_C.fasta;310;3.050;3214;3;3161.000
RT HIV-1 AA_C.fasta;311;7.481;3330;7;3116.000
RT HIV-1 AA_C.fasta;312;11.194;3352;11;3294.000
RT HIV-1 AA_C.fasta;313;5.122;3366;5;3286.000
RT HIV-1 AA_C.fasta;314;4.039;3347;4;3315.000
RT HIV-1 AA_C.fasta;315;7.076;3369;7;3333.000
RT HIV-1 AA_C.fasta;316;4.009;3286;4;3279.000
RT HIV-1 AA_C.fasta;317;5.608;3322;5;2962.000
RT HIV-1 AA_C.fasta;318;2.004;3347;2;3340.000
RT HIV-1 AA_C.fasta;319;2.001;3376;2;3375.000
RT HIV-1 AA_C.fasta;320;4.010;3342;4;3334.000
RT HIV-1 AA_C.fasta;321;3.025;3351;3;3323.000
RT HIV-1 AA_C.fasta;322;7.330;3352;7;3201.000
RT HIV-1 AA_C.fasta;323;4.013;3366;4;3355.000
RT HIV-1 AA_C.fasta;324;7.893;3271;7;2901.000
RT HIV-1 AA_C.fasta;325;3.005;3328;3;3322.000
RT HIV-1 AA_C.fasta;326;5.224;3358;5;3214.000
RT HIV-1 AA_C.fasta;327;4.032;3364;4;3337.000
RT HIV-1 AA_C.fasta;328;3.021;3354;3;3331.000
RT HIV-1 AA_C.fasta;329;4.487;3353;4;2989.000
RT HIV-1 AA_C.fasta;330;2.001;3354;2;3353.000
RT HIV-1 AA_C.fasta;331;5.012;3353;5;3345.000
RT HIV-1 AA_C.fasta;332;3.002;3346;3;3344.000
RT HIV-1 AA_C.fasta;333;7.118;3315;7;3260.000
RT HIV-1 AA_C.fasta;334;46.814;3277;17;1190.000
RT HIV-1 AA_C.fasta;335;10.471;3288;9;2826.000
RT HIV-1 AA_C.fasta;336;4.004;3323;4;3320.000
RT HIV-1 AA_C.fasta;337;4.006;3379;4;3374.000
RT HIV-1 AA_C.fasta;338;4.046;3363;4;3325.000
RT HIV-1 AA_C.fasta;339;4.006;3361;4;3356.000
RT HIV-1 AA_C.fasta;340;1.000;3362;1;3362.000
RT HIV-1 AA_C.fasta;341;4.025;3350;4;3329.000
RT HIV-1 AA_C.fasta;342;3.034;3329;3;3292.000
RT HIV-1 AA_C.fasta;343;3.002;3329;3;3327.000
RT HIV-1 AA_C.fasta;344;6.097;3346;6;3293.000
RT HIV-1 AA_C.fasta;345;6.087;3358;6;3310.000
RT HIV-1 AA_C.fasta;346;6.204;3281;6;3173.000
RT HIV-1 AA_C.fasta;347;5.024;3333;5;3317.000
RT HIV-1 AA_C.fasta;348;6.069;3335;6;3297.000
RT HIV-1 AA_C.fasta;349;2.001;3268;2;3266.000
RT HIV-1 AA_C.fasta;350;2.008;3341;2;3327.000
RT HIV-1 AA_C.fasta;351;2.001;3373;2;3371.000
RT HIV-1 AA_C.fasta;352;2.001;3303;2;3302.000
RT HIV-1 AA_C.fasta;353;1.000;3306;1;3306.000
RT HIV-1 AA_C.fasta;354;3.002;3373;3;3371.000
RT HIV-1 AA_C.fasta;355;4.042;3374;4;3339.000
RT HIV-1 AA_C.fasta;356;4.144;3360;4;3243.000
RT HIV-1 AA_C.fasta;357;18.554;3324;13;2329.000
RT HIV-1 AA_C.fasta;358;6.381;3336;6;3137.000
RT HIV-1 AA_C.fasta;359;8.299;3309;7;2791.000
RT HIV-1 AA_C.fasta;360;6.290;3323;6;3170.000
RT HIV-1 AA_C.fasta;361;2.001;3356;2;3355.000
RT HIV-1 AA_C.fasta;362;6.013;3348;6;3341.000
RT HIV-1 AA_C.fasta;363;1.000;3377;1;3377.000
RT HIV-1 AA_C.fasta;364;3.003;3371;3;3368.000
RT HIV-1 AA_C.fasta;365;3.131;3341;3;3201.000
RT HIV-1 AA_C.fasta;366;3.566;3322;3;2795.000
RT HIV-1 AA_C.fasta;367;5.021;3342;5;3328.000
RT HIV-1 AA_C.fasta;368;3.002;3338;3;3336.000
RT HIV-1 AA_C.fasta;369;4.393;3350;4;3050.000
RT HIV-1 AA_C.fasta;370;8.173;3348;8;3277.000
RT HIV-1 AA_C.fasta;371;7.508;3354;7;3127.000
RT HIV-1 AA_C.fasta;372;3.014;3348;3;3332.000
RT HIV-1 AA_C.fasta;373;5.060;3354;5;3314.000
RT HIV-1 AA_C.fasta;374;5.030;3340;5;3320.000
RT HIV-1 AA_C.fasta;375;7.422;3344;7;3154.000
RT HIV-1 AA_C.fasta;376;9.383;3305;8;2818.000
RT HIV-1 AA_C.fasta;377;36.236;3257;17;1528.000
RT HIV-1 AA_C.fasta;378;3.003;3355;3;3352.000
RT HIV-1 AA_C.fasta;379;5.512;3327;5;3018.000
RT HIV-1 AA_C.fasta;380;4.032;3366;4;3339.000
RT HIV-1 AA_C.fasta;381;3.052;3308;3;3252.000
RT HIV-1 AA_C.fasta;382;4.029;3373;4;3349.000
RT HIV-1 AA_C.fasta;383;5.018;3377;5;3365.000
RT HIV-1 AA_C.fasta;384;3.003;3342;3;3339.000
RT HIV-1 AA_C.fasta;385;3.090;3317;3;3220.000
RT HIV-1 AA_C.fasta;386;9.657;3316;8;2747.000
RT HIV-1 AA_C.fasta;387;3.003;3372;3;3369.000
RT HIV-1 AA_C.fasta;388;5.107;3341;5;3271.000
RT HIV-1 AA_C.fasta;389;3.004;3351;3;3347.000
RT HIV-1 AA_C.fasta;390;3.048;3341;3;3288.000
RT HIV-1 AA_C.fasta;391;2.002;3266;2;3262.000
RT HIV-1 AA_C.fasta;392;3.002;3362;3;3360.000
RT HIV-1 AA_C.fasta;393;4.013;3286;4;3275.000
RT HIV-1 AA_C.fasta;394;8.053;3355;8;3333.000
RT HIV-1 AA_C.fasta;395;3.039;3206;3;3165.000
RT HIV-1 AA_C.fasta;396;4.219;3355;4;3181.000
RT HIV-1 AA_C.fasta;397;6.098;3355;6;3301.000
RT HIV-1 AA_C.fasta;398;4.007;3376;4;3370.000
RT HIV-1 AA_C.fasta;399;5.320;3271;5;3074.000
RT HIV-1 AA_C.fasta;400;14.779;3324;11;2474.000
RT HIV-1 AA_C.fasta;401;4.006;3377;4;3372.000
RT HIV-1 AA_C.fasta;402;4.006;3376;4;3371.000
RT HIV-1 AA_C.fasta;403;8.380;3355;8;3203.000
RT HIV-1 AA_C.fasta;404;8.464;3300;8;3119.000
RT HIV-1 AA_C.fasta;405;4.006;3362;4;3357.000
RT HIV-1 AA_C.fasta;406;5.012;3378;5;3370.000
RT HIV-1 AA_C.fasta;407;1.000;3359;1;3359.000
RT HIV-1 AA_C.fasta;408;3.004;3368;3;3363.000
RT HIV-1 AA_C.fasta;409;6.020;3361;6;3350.000
RT HIV-1 AA_C.fasta;410;7.038;3376;7;3358.000
RT HIV-1 AA_C.fasta;411;5.019;3364;5;3351.000
RT HIV-1 AA_C.fasta;412;3.002;3374;3;3372.000
RT HIV-1 AA_C.fasta;413;4.233;3326;4;3143.000
RT HIV-1 AA_C.fasta;414;2.003;3379;2;3374.000
RT HIV-1 AA_C.fasta;415;3.010;3337;3;3326.000
RT HIV-1 AA_C.fasta;416;5.049;3369;5;3336.000
RT HIV-1 AA_C.fasta;417;7.138;3319;7;3255.000
RT HIV-1 AA_C.fasta;418;5.021;3337;5;3323.000
RT HIV-1 AA_C.fasta;419;5.010;3353;5;3346.000
RT HIV-1 AA_C.fasta;420;4.006;3369;4;3364.000
RT HIV-1 AA_C.fasta;421;10.120;3368;10;3328.000
RT HIV-1 AA_C.fasta;422;4.007;3337;4;3331.000
RT HIV-1 AA_C.fasta;423;4.005;3362;4;3358.000
RT HIV-1 AA_C.fasta;424;3.003;3364;3;3361.000
RT HIV-1 AA_C.fasta;425;4.006;3342;4;3337.000
RT HIV-1 AA_C.fasta;426;3.004;3379;3;3375.000
RT HIV-1 AA_C.fasta;427;5.006;3311;5;3307.000
RT HIV-1 AA_C.fasta;428;5.056;3335;5;3298.000
RT HIV-1 AA_C.fasta;429;4.007;3272;4;3266.000
RT HIV-1 AA_C.fasta;430;4.006;3284;4;3279.000
RT HIV-1 AA_C.fasta;431;9.375;3327;9;3194.000
RT HIV-1 AA_C.fasta;432;7.982;3332;7;2922.000
RT HIV-1 AA_C.fasta;433;3.003;3355;3;3352.000
RT HIV-1 AA_C.fasta;434;7.795;3364;7;3021.000
RT HIV-1 AA_C.fasta;435;23.244;3272;13;1830.000
RT HIV-1 AA_C.fasta;436;7.452;3348;7;3145.000
RT HIV-1 AA_C.fasta;437;11.315;3311;8;2341.000
RT HIV-1 AA_C.fasta;438;3.005;3362;3;3356.000
RT HIV-1 AA_C.fasta;439;4.006;3345;4;3340.000
RT HIV-1 AA_C.fasta;440;4.157;3345;4;3219.000
RT HIV-1 AA_D.fasta;1;1.000;421;1;421.000
RT HIV-1 AA_D.fasta;2;1.000;415;1;415.000
RT HIV-1 AA_D.fasta;3;1.000;422;1;422.000
RT HIV-1 AA_D.fasta;4;6.192;420;6;407.000
RT HIV-1 AA_D.fasta;5;3.080;421;3;410.000
RT HIV-1 AA_D.fasta;6;9.645;419;9;391.000
RT HIV-1 AA_D.fasta;7;2.005;421;2;420.000
RT HIV-1 AA_D.fasta;8;2.074;419;2;404.000
RT HIV-1 AA_D.fasta;9;1.000;424;1;424.000
RT HIV-1 AA_D.fasta;10;3.015;415;3;413.000
RT HIV-1 AA_D.fasta;11;8.358;420;8;402.000
RT HIV-1 AA_D.fasta;12;2.005;417;2;416.000
RT HIV-1 AA_D.fasta;13;2.005;416;2;415.000
RT HIV-1 AA_D.fasta;14;2.005;422;2;421.000
RT HIV-1 AA_D.fasta;15;2.005;409;2;408.000
RT HIV-1 AA_D.fasta;16;2.005;423;2;422.000
RT HIV-1 AA_D.fasta;17;1.000;421;1;421.000
RT HIV-1 AA_D.fasta;18;1.000;415;1;415.000
RT HIV-1 AA_D.fasta;19;1.000;421;1;421.000
RT HIV-1 AA_D.fasta;20;2.111;417;2;395.000
RT HIV-1 AA_D.fasta;21;2.029;416;2;410.000
RT HIV-1 AA_D.fasta;22;3.074;417;3;407.000
RT HIV-1 AA_D.fasta;23;1.000;423;1;423.000
RT HIV-1 AA_D.fasta;24;1.000;422;1;422.000
RT HIV-1 AA_D.fasta;25;1.000;405;1;405.000
RT HIV-1 AA_D.fasta;26;1.000;412;1;412.000
RT HIV-1 AA_D.fasta;27;3.014;422;3;420.000
RT HIV-1 AA_D.fasta;28;3.036;420;3;415.000
RT HIV-1 AA_D.fasta;29;2.005;413;2;412.000
RT HIV-1 AA_D.fasta;30;1.000;417;1;417.000
RT HIV-1 AA_D.fasta;31;4.038;424;4;420.000
RT HIV-1 AA_D.fasta;32;6.285;419;6;400.000
RT HIV-1 AA_D.fasta;33;2.005;416;2;415.000
RT HIV-1 AA_D.fasta;34;2.010;399;2;397.000
RT HIV-1 AA_D.fasta;35;10.325;413;9;360.000
RT HIV-1 AA_D.fasta;36;5.175;415;5;401.000
RT HIV-1 AA_D.fasta;37;1.000;418;1;418.000
RT HIV-1 AA_D.fasta;38;1.000;421;1;421.000
RT HIV-1 AA_D.fasta;39;16.419;405;12;296.000
RT HIV-1 AA_D.fasta;40;4.948;402;4;325.000
RT HIV-1 AA_D.fasta;41;3.065;425;3;416.000
RT HIV-1 AA_D.fasta;42;2.005;419;2;418.000
RT HIV-1 AA_D.fasta;43;8.391;408;8;389.000
RT HIV-1 AA_D.fasta;44;2.050;414;2;404.000
RT HIV-1 AA_D.fasta;45;2.005;410;2;409.000
RT HIV-1 AA_D.fasta;46;2.010;420;2;418.000
RT HIV-1 AA_D.fasta;47;2.039;420;2;412.000
RT HIV-1 AA_D.fasta;48;4.190;419;4;400.000
RT HIV-1 AA_D.fasta;49;5.686;398;4;280.000
RT HIV-1 AA_D.fasta;50;2.106;419;2;398.000
RT HIV-1 AA_D.fasta;51;1.000;421;1;421.000
RT HIV-1 AA_D.fasta;52;1.000;425;1;425.000
RT HIV-1 AA_D.fasta;53;2.029;417;2;411.000
RT HIV-1 AA_D.fasta;54;1.000;422;1;422.000
RT HIV-1 AA_D.fasta;55;1.000;423;1;423.000
RT HIV-1 AA_D.fasta;56;1.000;414;1;414.000
RT HIV-1 AA_D.fasta;57;1.000;424;1;424.000
RT HIV-1 AA_D.fasta;58;1.000;423;1;423.000
RT HIV-1 AA_D.fasta;59;2.005;422;2;421.000
RT HIV-1 AA_D.fasta;60;2.043;424;2;415.000
RT HIV-1 AA_D.fasta;61;1.000;425;1;425.000
RT HIV-1 AA_D.fasta;62;1.000;405;1;405.000
RT HIV-1 AA_D.fasta;63;1.000;425;1;425.000
RT HIV-1 AA_D.fasta;64;2.009;424;2;422.000
RT HIV-1 AA_D.fasta;65;2.014;423;2;420.000
RT HIV-1 AA_D.fasta;66;1.000;412;1;412.000
RT HIV-1 AA_D.fasta;67;2.005;419;2;418.000
RT HIV-1 AA_D.fasta;68;4.149;419;4;404.000
RT HIV-1 AA_D.fasta;69;4.039;416;4;412.000
RT HIV-1 AA_D.fasta;70;4.029;415;4;412.000
RT HIV-1 AA_D.fasta;71;2.005;425;2;424.000
RT HIV-1 AA_D.fasta;72;1.000;423;1;423.000
RT HIV-1 AA_D.fasta;73;1.000;420;1;420.000
RT HIV-1 AA_D.fasta;74;1.000;418;1;418.000
RT HIV-1 AA_D.fasta;75;2.005;423;2;422.000
RT HIV-1 AA_D.fasta;76;2.005;419;2;418.000
RT HIV-1 AA_D.fasta;77;1.000;408;1;408.000
RT HIV-1 AA_D.fasta;78;1.000;420;1;420.000
RT HIV-1 AA_D.fasta;79;1.000;418;1;418.000
RT HIV-1 AA_D.fasta;80;1.000;419;1;419.000
RT HIV-1 AA_D.fasta;81;1.000;422;1;422.000
RT HIV-1 AA_D.fasta;82;3.037;408;3;403.000
RT HIV-1 AA_D.fasta;83;2.010;423;2;421.000
RT HIV-1 AA_D.fasta;84;2.005;423;2;422.000
RT HIV-1 AA_D.fasta;85;1.000;421;1;421.000
RT HIV-1 AA_D.fasta;86;1.000;415;1;415.000
RT HIV-1 AA_D.fasta;87;1.000;417;1;417.000
RT HIV-1 AA_D.fasta;88;2.014;425;2;422.000
RT HIV-1 AA_D.fasta;89;1.000;418;1;418.000
RT HIV-1 AA_D.fasta;90;2.020;408;2;404.000
RT HIV-1 AA_D.fasta;91;1.000;417;1;417.000
RT HIV-1 AA_D.fasta;92;1.000;405;1;405.000
RT HIV-1 AA_D.fasta;93;2.005;421;2;420.000
RT HIV-1 AA_D.fasta;94;1.000;424;1;424.000
RT HIV-1 AA_D.fasta;95;1.000;417;1;417.000
RT HIV-1 AA_D.fasta;96;1.000;415;1;415.000
RT HIV-1 AA_D.fasta;97;1.000;418;1;418.000
RT HIV-1 AA_D.fasta;98;1.000;423;1;423.000
RT HIV-1 AA_D.fasta;99;1.000;406;1;406.000
RT HIV-1 AA_D.fasta;100;2.005;398;2;397.000
RT HIV-1 AA_D.fasta;101;3.044;419;3;413.000
RT HIV-1 AA_D.fasta;102;5.134;422;5;411.000
RT HIV-1 AA_D.fasta;103;2.029;414;2;408.000
RT HIV-1 AA_D.fasta;104;4.111;406;4;395.000
RT HIV-1 AA_D.fasta;105;1.000;423;1;423.000
RT HIV-1 AA_D.fasta;106;4.078;418;4;410.000
RT HIV-1 AA_D.fasta;107;2.005;423;2;422.000
RT HIV-1 AA_D.fasta;108;1.000;419;1;419.000
RT HIV-1 AA_D.fasta;109;1.000;408;1;408.000
RT HIV-1 AA_D.fasta;110;1.000;423;1;423.000
RT HIV-1 AA_D.fasta;111;2.010;422;2;420.000
RT HIV-1 AA_D.fasta;112;1.000;420;1;420.000
RT HIV-1 AA_D.fasta;113;1.000;424;1;424.000
RT HIV-1 AA_D.fasta;114;1.000;425;1;425.000
RT HIV-1 AA_D.fasta;115;2.005;421;2;420.000
RT HIV-1 AA_D.fasta;116;1.000;416;1;416.000
RT HIV-1 AA_D.fasta;117;2.005;424;2;423.000
RT HIV-1 AA_D.fasta;118;2.044;415;2;406.000
RT HIV-1 AA_D.fasta;119;1.000;421;1;421.000
RT HIV-1 AA_D.fasta;120;2.005;415;2;414.000
RT HIV-1 AA_D.fasta;121;11.647;396;5;170.000
RT HIV-1 AA_D.fasta;122;8.157;409;7;351.000
RT HIV-1 AA_D.fasta;123;8.783;394;7;314.000
RT HIV-1 AA_D.fasta;124;1.000;421;1;421.000
RT HIV-1 AA_D.fasta;125;2.064;418;2;405.000
RT HIV-1 AA_D.fasta;126;1.000;414;1;414.000
RT HIV-1 AA_D.fasta;127;1.000;418;1;418.000
RT HIV-1 AA_D.fasta;128;1.000;406;1;406.000
RT HIV-1 AA_D.fasta;129;1.000;420;1;420.000
RT HIV-1 AA_D.fasta;130;1.000;417;1;417.000
RT HIV-1 AA_D.fasta;131;1.000;418;1;418.000
RT HIV-1 AA_D.fasta;132;2.005;425;2;424.000
RT HIV-1 AA_D.fasta;133;2.005;417;2;416.000
RT HIV-1 AA_D.fasta;134;1.000;418;1;418.000
RT HIV-1 AA_D.fasta;135;8.444;418;6;297.000
RT HIV-1 AA_D.fasta;136;2.005;411;2;410.000
RT HIV-1 AA_D.fasta;137;1.000;425;1;425.000
RT HIV-1 AA_D.fasta;138;4.068;417;4;410.000
RT HIV-1 AA_D.fasta;139;7.276;422;7;406.000
RT HIV-1 AA_D.fasta;140;1.000;424;1;424.000
RT HIV-1 AA_D.fasta;141;1.000;421;1;421.000
RT HIV-1 AA_D.fasta;142;5.682;408;5;359.000
RT HIV-1 AA_D.fasta;143;2.005;417;2;416.000
RT HIV-1 AA_D.fasta;144;1.000;420;1;420.000
RT HIV-1 AA_D.fasta;145;2.005;422;2;421.000
RT HIV-1 AA_D.fasta;146;1.000;422;1;422.000
RT HIV-1 AA_D.fasta;147;1.000;425;1;425.000
RT HIV-1 AA_D.fasta;148;1.000;420;1;420.000
RT HIV-1 AA_D.fasta;149;1.000;415;1;415.000
RT HIV-1 AA_D.fasta;150;1.000;421;1;421.000
RT HIV-1 AA_D.fasta;151;1.000;420;1;420.000
RT HIV-1 AA_D.fasta;152;1.000;418;1;418.000
RT HIV-1 AA_D.fasta;153;1.000;425;1;425.000
RT HIV-1 AA_D.fasta;154;1.000;423;1;423.000
RT HIV-1 AA_D.fasta;155;1.000;413;1;413.000
RT HIV-1 AA_D.fasta;156;1.000;419;1;419.000
RT HIV-1 AA_D.fasta;157;2.005;398;2;397.000
RT HIV-1 AA_D.fasta;158;2.019;419;2;415.000
RT HIV-1 AA_D.fasta;159;2.059;421;2;409.000
RT HIV-1 AA_D.fasta;160;1.000;415;1;415.000
RT HIV-1 AA_D.fasta;161;1.000;416;1;416.000
RT HIV-1 AA_D.fasta;162;7.899;413;7;366.000
RT HIV-1 AA_D.fasta;163;2.014;419;2;416.000
RT HIV-1 AA_D.fasta;164;2.005;424;2;423.000
RT HIV-1 AA_D.fasta;165;4.286;420;4;392.000
RT HIV-1 AA_D.fasta;166;4.190;418;4;399.000
RT HIV-1 AA_D.fasta;167;1.000;406;1;406.000
RT HIV-1 AA_D.fasta;168;2.005;418;2;417.000
RT HIV-1 AA_D.fasta;169;6.557;412;6;377.000
RT HIV-1 AA_D.fasta;170;1.000;418;1;418.000
RT HIV-1 AA_D.fasta;171;2.019;416;2;412.000
RT HIV-1 AA_D.fasta;172;3.081;420;3;409.000
RT HIV-1 AA_D.fasta;173;7.343;407;7;388.000
RT HIV-1 AA_D.fasta;174;6.207;420;6;406.000
RT HIV-1 AA_D.fasta;175;2.019;420;2;416.000
RT HIV-1 AA_D.fasta;176;1.000;424;1;424.000
RT HIV-1 AA_D.fasta;177;2.197;412;2;375.000
RT HIV-1 AA_D.fasta;178;9.174;400;5;218.000
RT HIV-1 AA_D.fasta;179;5.269;412;5;391.000
RT HIV-1 AA_D.fasta;180;2.014;419;2;416.000
RT HIV-1 AA_D.fasta;181;2.024;423;2;418.000
RT HIV-1 AA_D.fasta;182;2.014;418;2;415.000
RT HIV-1 AA_D.fasta;183;1.000;421;1;421.000
RT HIV-1 AA_D.fasta;184;2.038;425;2;417.000
RT HIV-1 AA_D.fasta;185;2.005;425;2;424.000
RT HIV-1 AA_D.fasta;186;2.005;420;2;419.000
RT HIV-1 AA_D.fasta;187;1.000;416;1;416.000
RT HIV-1 AA_D.fasta;188;4.029;424;4;421.000
RT HIV-1 AA_D.fasta;189;2.019;423;2;419.000
RT HIV-1 AA_D.fasta;190;3.014;417;3;415.000
RT HIV-1 AA_D.fasta;191;1.000;424;1;424.000
RT HIV-1 AA_D.fasta;192;3.022;411;3;408.000
RT HIV-1 AA_D.fasta;193;3.014;416;3;414.000
RT HIV-1 AA_D.fasta;194;5.188;414;5;399.000
RT HIV-1 AA_D.fasta;195;5.072;423;5;417.000
RT HIV-1 AA_D.fasta;196;4.352;408;4;375.000
RT HIV-1 AA_D.fasta;197;4.067;423;4;416.000
RT HIV-1 AA_D.fasta;198;1.000;415;1;415.000
RT HIV-1 AA_D.fasta;199;3.014;420;3;418.000
RT HIV-1 AA_D.fasta;200;21.990;383;12;209.000
RT HIV-1 AA_D.fasta;201;3.014;423;3;421.000
RT HIV-1 AA_D.fasta;202;2.069;421;2;407.000
RT HIV-1 AA_D.fasta;203;3.022;403;3;400.000
RT HIV-1 AA_D.fasta;204;5.365;412;5;384.000
RT HIV-1 AA_D.fasta;205;1.000;417;1;417.000
RT HIV-1 AA_D.fasta;206;1.000;413;1;413.000
RT HIV-1 AA_D.fasta;207;11.751;401;8;273.000
RT HIV-1 AA_D.fasta;208;2.005;419;2;418.000
RT HIV-1 AA_D.fasta;209;1.000;404;1;404.000
RT HIV-1 AA_D.fasta;210;2.010;416;2;414.000
RT HIV-1 AA_D.fasta;211;6.831;411;6;361.000
RT HIV-1 AA_D.fasta;212;1.000;425;1;425.000
RT HIV-1 AA_D.fasta;213;1.000;404;1;404.000
RT HIV-1 AA_D.fasta;214;2.190;414;2;378.000
RT HIV-1 AA_D.fasta;215;4.048;420;4;415.000
RT HIV-1 AA_D.fasta;216;2.005;421;2;420.000
RT HIV-1 AA_D.fasta;217;1.000;425;1;425.000
RT HIV-1 AA_D.fasta;218;3.014;418;3;416.000
RT HIV-1 AA_D.fasta;219;2.015;416;2;413.000
RT HIV-1 AA_D.fasta;220;1.000;419;1;419.000
RT HIV-1 AA_D.fasta;221;2.024;423;2;418.000
RT HIV-1 AA_D.fasta;222;1.000;424;1;424.000
RT HIV-1 AA_D.fasta;223;1.000;414;1;414.000
RT HIV-1 AA_D.fasta;224;2.005;421;2;420.000
RT HIV-1 AA_D.fasta;225;1.000;415;1;415.000
RT HIV-1 AA_D.fasta;226;1.000;422;1;422.000
RT HIV-1 AA_D.fasta;227;3.014;424;3;422.000
RT HIV-1 AA_D.fasta;228;3.029;411;3;407.000
RT HIV-1 AA_D.fasta;229;1.000;425;1;425.000
RT HIV-1 AA_D.fasta;230;2.005;425;2;424.000
RT HIV-1 AA_D.fasta;231;1.000;417;1;417.000
RT HIV-1 AA_D.fasta;232;1.000;424;1;424.000
RT HIV-1 AA_D.fasta;233;1.000;420;1;420.000
RT HIV-1 AA_D.fasta;234;1.000;418;1;418.000
RT HIV-1 AA_D.fasta;235;1.000;424;1;424.000
RT HIV-1 AA_D.fasta;236;1.000;424;1;424.000
RT HIV-1 AA_D.fasta;237;4.049;414;4;409.000
RT HIV-1 AA_D.fasta;238;3.097;417;3;404.000
RT HIV-1 AA_D.fasta;239;1.000;425;1;425.000
RT HIV-1 AA_D.fasta;240;1.000;425;1;425.000
RT HIV-1 AA_D.fasta;241;2.020;410;2;406.000
RT HIV-1 AA_D.fasta;242;1.000;421;1;421.000
RT HIV-1 AA_D.fasta;243;6.582;407;6;371.000
RT HIV-1 AA_D.fasta;244;2.090;419;2;401.000
RT HIV-1 AA_D.fasta;245;20.540;394;11;211.000
RT HIV-1 AA_D.fasta;246;2.005;412;2;411.000
RT HIV-1 AA_D.fasta;247;3.036;425;3;420.000
RT HIV-1 AA_D.fasta;248;6.447;418;6;389.000
RT HIV-1 AA_D.fasta;249;3.070;394;3;385.000
RT HIV-1 AA_D.fasta;250;4.719;407;4;345.000
RT HIV-1 AA_D.fasta;251;8.446;417;8;395.000
RT HIV-1 AA_D.fasta;252;1.000;425;1;425.000
RT HIV-1 AA_D.fasta;253;2.005;424;2;423.000
RT HIV-1 AA_D.fasta;254;1.000;422;1;422.000
RT HIV-1 AA_D.fasta;255;1.000;425;1;425.000
RT HIV-1 AA_D.fasta;256;2.005;420;2;419.000
RT HIV-1 AA_D.fasta;257;3.080;424;3;413.000
RT HIV-1 AA_D.fasta;258;1.000;420;1;420.000
RT HIV-1 AA_D.fasta;259;3.014;422;3;420.000
RT HIV-1 AA_D.fasta;260;2.005;416;2;415.000
RT HIV-1 AA_D.fasta;261;2.005;415;2;414.000
RT HIV-1 AA_D.fasta;262;3.023;388;3;385.000
RT HIV-1 AA_D.fasta;263;2.005;423;2;422.000
RT HIV-1 AA_D.fasta;264;1.000;414;1;414.000
RT HIV-1 AA_D.fasta;265;2.005;418;2;417.000
RT HIV-1 AA_D.fasta;266;1.000;425;1;425.000
RT HIV-1 AA_D.fasta;267;1.000;419;1;419.000
RT HIV-1 AA_D.fasta;268;2.005;407;2;406.000
RT HIV-1 AA_D.fasta;269;1.000;419;1;419.000
RT HIV-1 AA_D.fasta;270;1.000;421;1;421.000
RT HIV-1 AA_D.fasta;271;2.005;422;2;421.000
RT HIV-1 AA_D.fasta;272;9.166;419;7;320.000
RT HIV-1 AA_D.fasta;273;4.038;422;4;418.000
RT HIV-1 AA_D.fasta;274;3.051;418;3;411.000
RT HIV-1 AA_D.fasta;275;6.708;417;6;373.000
RT HIV-1 AA_D.fasta;276;3.176;415;3;392.000
RT HIV-1 AA_D.fasta;277;8.793;403;6;275.000
RT HIV-1 AA_D.fasta;278;4.224;414;4;392.000
RT HIV-1 AA_D.fasta;279;2.019;418;2;414.000
RT HIV-1 AA_D.fasta;280;2.005;422;2;421.000
RT HIV-1 AA_D.fasta;281;3.184;416;3;392.000
RT HIV-1 AA_D.fasta;282;2.446;411;2;336.000
RT HIV-1 AA_D.fasta;283;3.333;415;2;249.000
RT HIV-1 AA_D.fasta;284;3.090;413;3;401.000
RT HIV-1 AA_D.fasta;285;2.005;417;2;416.000
RT HIV-1 AA_D.fasta;286;9.917;400;6;242.000
RT HIV-1 AA_D.fasta;287;4.039;417;4;413.000
RT HIV-1 AA_D.fasta;288;5.437;411;5;378.000
RT HIV-1 AA_D.fasta;289;1.000;410;1;410.000
RT HIV-1 AA_D.fasta;290;2.005;425;2;424.000
RT HIV-1 AA_D.fasta;291;3.088;423;3;411.000
RT HIV-1 AA_D.fasta;292;2.194;407;2;371.000
RT HIV-1 AA_D.fasta;293;3.977;411;3;310.000
RT HIV-1 AA_D.fasta;294;5.241;413;5;394.000
RT HIV-1 AA_D.fasta;295;1.000;406;1;406.000
RT HIV-1 AA_D.fasta;296;2.014;425;2;422.000
RT HIV-1 AA_D.fasta;297;10.861;410;8;302.000
RT HIV-1 AA_D.fasta;298;2.005;420;2;419.000
RT HIV-1 AA_D.fasta;299;1.000;425;1;425.000
RT HIV-1 AA_D.fasta;300;2.014;421;2;418.000
RT HIV-1 AA_D.fasta;301;1.000;422;1;422.000
RT HIV-1 AA_D.fasta;302;1.000;419;1;419.000
RT HIV-1 AA_D.fasta;303;1.000;415;1;415.000
RT HIV-1 AA_D.fasta;304;2.044;422;2;413.000
RT HIV-1 AA_D.fasta;305;1.000;417;1;417.000
RT HIV-1 AA_D.fasta;306;1.000;419;1;419.000
RT HIV-1 AA_D.fasta;307;2.020;409;2;405.000
RT HIV-1 AA_D.fasta;308;1.000;409;1;409.000
RT HIV-1 AA_D.fasta;309;3.029;424;3;420.000
RT HIV-1 AA_D.fasta;310;3.037;412;3;407.000
RT HIV-1 AA_D.fasta;311;4.373;410;4;375.000
RT HIV-1 AA_D.fasta;312;5.049;412;5;408.000
RT HIV-1 AA_D.fasta;313;5.121;423;5;413.000
RT HIV-1 AA_D.fasta;314;4.059;416;4;410.000
RT HIV-1 AA_D.fasta;315;2.005;425;2;424.000
RT HIV-1 AA_D.fasta;316;1.000;412;1;412.000
RT HIV-1 AA_D.fasta;317;5.153;405;5;393.000
RT HIV-1 AA_D.fasta;318;2.005;418;2;417.000
RT HIV-1 AA_D.fasta;319;1.000;425;1;425.000
RT HIV-1 AA_D.fasta;320;4.078;418;4;410.000
RT HIV-1 AA_D.fasta;321;3.043;422;3;416.000
RT HIV-1 AA_D.fasta;322;4.242;420;4;396.000
RT HIV-1 AA_D.fasta;323;2.005;421;2;420.000
RT HIV-1 AA_D.fasta;324;3.197;405;3;380.000
RT HIV-1 AA_D.fasta;325;2.010;414;2;412.000
RT HIV-1 AA_D.fasta;326;3.118;422;3;406.000
RT HIV-1 AA_D.fasta;327;3.036;424;3;419.000
RT HIV-1 AA_D.fasta;328;3.015;413;3;411.000
RT HIV-1 AA_D.fasta;329;3.372;417;3;371.000
RT HIV-1 AA_D.fasta;330;1.000;422;1;422.000
RT HIV-1 AA_D.fasta;331;1.000;419;1;419.000
RT HIV-1 AA_D.fasta;332;1.000;421;1;421.000
RT HIV-1 AA_D.fasta;333;3.066;419;3;410.000
RT HIV-1 AA_D.fasta;334;10.190;411;9;363.000
RT HIV-1 AA_D.fasta;335;7.417;403;6;326.000
RT HIV-1 AA_D.fasta;336;1.000;408;1;408.000
RT HIV-1 AA_D.fasta;337;1.000;425;1;425.000
RT HIV-1 AA_D.fasta;338;2.053;423;2;412.000
RT HIV-1 AA_D.fasta;339;3.103;422;3;408.000
RT HIV-1 AA_D.fasta;340;1.000;421;1;421.000
RT HIV-1 AA_D.fasta;341;2.015;415;2;412.000
RT HIV-1 AA_D.fasta;342;2.005;423;2;422.000
RT HIV-1 AA_D.fasta;343;1.000;408;1;408.000
RT HIV-1 AA_D.fasta;344;2.034;414;2;407.000
RT HIV-1 AA_D.fasta;345;4.931;413;4;335.000
RT HIV-1 AA_D.fasta;346;8.026;408;6;305.000
RT HIV-1 AA_D.fasta;347;5.285;408;5;386.000
RT HIV-1 AA_D.fasta;348;3.021;422;3;419.000
RT HIV-1 AA_D.fasta;349;1.000;406;1;406.000
RT HIV-1 AA_D.fasta;350;3.014;421;3;419.000
RT HIV-1 AA_D.fasta;351;1.000;424;1;424.000
RT HIV-1 AA_D.fasta;352;1.000;422;1;422.000
RT HIV-1 AA_D.fasta;353;1.000;407;1;407.000
RT HIV-1 AA_D.fasta;354;1.000;424;1;424.000
RT HIV-1 AA_D.fasta;355;1.000;425;1;425.000
RT HIV-1 AA_D.fasta;356;2.154;419;2;389.000
RT HIV-1 AA_D.fasta;357;15.882;390;9;221.000
RT HIV-1 AA_D.fasta;358;4.191;417;4;398.000
RT HIV-1 AA_D.fasta;359;4.304;411;4;382.000
RT HIV-1 AA_D.fasta;360;10.880;408;6;225.000
RT HIV-1 AA_D.fasta;361;1.000;412;1;412.000
RT HIV-1 AA_D.fasta;362;1.000;419;1;419.000
RT HIV-1 AA_D.fasta;363;2.005;425;2;424.000
RT HIV-1 AA_D.fasta;364;3.029;424;3;420.000
RT HIV-1 AA_D.fasta;365;2.044;418;2;409.000
RT HIV-1 AA_D.fasta;366;3.112;416;3;401.000
RT HIV-1 AA_D.fasta;367;3.029;413;3;409.000
RT HIV-1 AA_D.fasta;368;1.000;417;1;417.000
RT HIV-1 AA_D.fasta;369;5.183;424;5;409.000
RT HIV-1 AA_D.fasta;370;6.864;413;6;361.000
RT HIV-1 AA_D.fasta;371;4.128;418;4;405.000
RT HIV-1 AA_D.fasta;372;2.005;414;2;413.000
RT HIV-1 AA_D.fasta;373;2.014;420;2;417.000
RT HIV-1 AA_D.fasta;374;4.109;415;4;404.000
RT HIV-1 AA_D.fasta;375;5.333;416;5;390.000
RT HIV-1 AA_D.fasta;376;6.852;394;6;345.000
RT HIV-1 AA_D.fasta;377;10.895;414;9;342.000
RT HIV-1 AA_D.fasta;378;2.005;420;2;419.000
RT HIV-1 AA_D.fasta;379;5.216;416;4;319.000
RT HIV-1 AA_D.fasta;380;2.029;423;2;417.000
RT HIV-1 AA_D.fasta;381;2.015;404;2;401.000
RT HIV-1 AA_D.fasta;382;3.021;425;3;422.000
RT HIV-1 AA_D.fasta;383;1.000;424;1;424.000
RT HIV-1 AA_D.fasta;384;2.005;415;2;414.000
RT HIV-1 AA_D.fasta;385;2.065;411;2;398.000
RT HIV-1 AA_D.fasta;386;8.137;415;7;357.000
RT HIV-1 AA_D.fasta;387;3.014;423;3;421.000
RT HIV-1 AA_D.fasta;388;4.077;421;4;413.000
RT HIV-1 AA_D.fasta;389;1.000;419;1;419.000
RT HIV-1 AA_D.fasta;390;2.024;419;2;414.000
RT HIV-1 AA_D.fasta;391;2.005;407;2;406.000
RT HIV-1 AA_D.fasta;392;1.000;421;1;421.000
RT HIV-1 AA_D.fasta;393;2.005;422;2;421.000
RT HIV-1 AA_D.fasta;394;4.029;420;4;417.000
RT HIV-1 AA_D.fasta;395;2.029;417;2;411.000
RT HIV-1 AA_D.fasta;396;2.010;421;2;419.000
RT HIV-1 AA_D.fasta;397;1.000;420;1;420.000
RT HIV-1 AA_D.fasta;398;1.000;425;1;425.000
RT HIV-1 AA_D.fasta;399;5.401;418;5;387.000
RT HIV-1 AA_D.fasta;400;8.617;421;7;342.000
RT HIV-1 AA_D.fasta;401;1.000;420;1;420.000
RT HIV-1 AA_D.fasta;402;1.000;423;1;423.000
RT HIV-1 AA_D.fasta;403;9.278;421;8;363.000
RT HIV-1 AA_D.fasta;404;5.994;416;5;347.000
RT HIV-1 AA_D.fasta;405;6.239;417;6;401.000
RT HIV-1 AA_D.fasta;406;1.000;424;1;424.000
RT HIV-1 AA_D.fasta;407;1.000;419;1;419.000
RT HIV-1 AA_D.fasta;408;3.014;420;3;418.000
RT HIV-1 AA_D.fasta;409;2.005;425;2;424.000
RT HIV-1 AA_D.fasta;410;1.000;423;1;423.000
RT HIV-1 AA_D.fasta;411;2.005;425;2;424.000
RT HIV-1 AA_D.fasta;412;1.000;422;1;422.000
RT HIV-1 AA_D.fasta;413;4.118;419;4;407.000
RT HIV-1 AA_D.fasta;414;1.000;418;1;418.000
RT HIV-1 AA_D.fasta;415;2.015;412;2;409.000
RT HIV-1 AA_D.fasta;416;2.029;421;2;415.000
RT HIV-1 AA_D.fasta;417;2.064;417;2;404.000
RT HIV-1 AA_D.fasta;418;3.014;421;3;419.000
RT HIV-1 AA_D.fasta;419;2.005;425;2;424.000
RT HIV-1 AA_D.fasta;420;1.000;419;1;419.000
RT HIV-1 AA_D.fasta;421;1.000;415;1;415.000
RT HIV-1 AA_D.fasta;422;1.000;416;1;416.000
RT HIV-1 AA_D.fasta;423;1.000;417;1;417.000
RT HIV-1 AA_D.fasta;424;1.000;424;1;424.000
RT HIV-1 AA_D.fasta;425;1.000;418;1;418.000
RT HIV-1 AA_D.fasta;426;1.000;424;1;424.000
RT HIV-1 AA_D.fasta;427;3.014;420;3;418.000
RT HIV-1 AA_D.fasta;428;1.000;417;1;417.000
RT HIV-1 AA_D.fasta;429;2.005;421;2;420.000
RT HIV-1 AA_D.fasta;430;2.005;405;2;404.000
RT HIV-1 AA_D.fasta;431;6.179;415;6;403.000
RT HIV-1 AA_D.fasta;432;2.065;415;2;402.000
RT HIV-1 AA_D.fasta;433;1.000;421;1;421.000
RT HIV-1 AA_D.fasta;434;3.014;423;3;421.000
RT HIV-1 AA_D.fasta;435;20.116;395;11;216.000
RT HIV-1 AA_D.fasta;436;2.005;421;2;420.000
RT HIV-1 AA_D.fasta;437;2.138;419;2;392.000
RT HIV-1 AA_D.fasta;438;1.000;421;1;421.000
RT HIV-1 AA_D.fasta;439;1.000;414;1;414.000
RT HIV-1 AA_D.fasta;440;2.029;421;2;415.000
